Familia,Tipo,FechaCompleta,Porcentaje,Valor,Dia,Hora,BajasEmisiones
Renovable,Hidráulica,2022-12-31T23:00:00.000Z,0.2721558942556826,76595.584,2022-12-31,23:00:00,true
Renovable,Hidráulica,2023-01-01T23:00:00.000Z,0.4915900251582455,136518.071,2023-01-01,23:00:00,true
Renovable,Hidráulica,2023-01-02T23:00:00.000Z,0.516836233628069,153711.167,2023-01-02,23:00:00,true
Renovable,Hidráulica,2023-01-03T23:00:00.000Z,0.48751377909460486,138220.83,2023-01-03,23:00:00,true
Renovable,Hidráulica,2023-01-04T23:00:00.000Z,0.5385302584610008,143184.392,2023-01-04,23:00:00,true
Renovable,Hidráulica,2023-01-05T23:00:00.000Z,0.45128187316793955,131153.006,2023-01-05,23:00:00,true
Renovable,Hidráulica,2023-01-06T23:00:00.000Z,0.17416824791827182,74548.891,2023-01-06,23:00:00,true
Renovable,Hidráulica,2023-01-07T23:00:00.000Z,0.16741886839924458,80976.023,2023-01-07,23:00:00,true
Renovable,Hidráulica,2023-01-08T23:00:00.000Z,0.2187615393081991,102267.435,2023-01-08,23:00:00,true
Renovable,Hidráulica,2023-01-09T23:00:00.000Z,0.3521618890281243,148895.976,2023-01-09,23:00:00,true
Renovable,Hidráulica,2023-01-10T23:00:00.000Z,0.36349118945522996,145905.573,2023-01-10,23:00:00,true
Renovable,Hidráulica,2023-01-11T23:00:00.000Z,0.40278609889959693,157833.431,2023-01-11,23:00:00,true
Renovable,Hidráulica,2023-01-12T23:00:00.000Z,0.4134991579396098,161628.396,2023-01-12,23:00:00,true
Renovable,Hidráulica,2023-01-13T23:00:00.000Z,0.3496399174539909,138420.982,2023-01-13,23:00:00,true
Renovable,Hidráulica,2023-01-14T23:00:00.000Z,0.18322364840989946,78347.479,2023-01-14,23:00:00,true
Renovable,Hidráulica,2023-01-15T23:00:00.000Z,0.177626844659204,96313.22,2023-01-15,23:00:00,true
Renovable,Hidráulica,2023-01-16T23:00:00.000Z,0.17444842700239974,92918.541,2023-01-16,23:00:00,true
Renovable,Hidráulica,2023-01-17T23:00:00.000Z,0.19132175570300658,101416.768,2023-01-17,23:00:00,true
Renovable,Hidráulica,2023-01-18T23:00:00.000Z,0.1874588153023289,103951.279,2023-01-18,23:00:00,true
Renovable,Hidráulica,2023-01-19T23:00:00.000Z,0.26526057289943267,124793.62,2023-01-19,23:00:00,true
Renovable,Hidráulica,2023-01-20T23:00:00.000Z,0.2359362708261354,107838.09,2023-01-20,23:00:00,true
Renovable,Hidráulica,2023-01-21T23:00:00.000Z,0.20478317991123665,100486.542,2023-01-21,23:00:00,true
Renovable,Hidráulica,2023-01-22T23:00:00.000Z,0.2380219708411603,127735.835,2023-01-22,23:00:00,true
Renovable,Hidráulica,2023-01-23T23:00:00.000Z,0.3286444390958144,156867.384,2023-01-23,23:00:00,true
Renovable,Hidráulica,2023-01-24T23:00:00.000Z,0.33892707365495467,163808.088,2023-01-24,23:00:00,true
Renovable,Hidráulica,2023-01-25T23:00:00.000Z,0.2915428749655668,159528.272,2023-01-25,23:00:00,true
Renovable,Hidráulica,2023-01-26T23:00:00.000Z,0.24300088662272196,140880.854,2023-01-26,23:00:00,true
Renovable,Hidráulica,2023-01-27T23:00:00.000Z,0.20757394646237418,107127.558,2023-01-27,23:00:00,true
Renovable,Hidráulica,2023-01-28T23:00:00.000Z,0.2412825056291868,105817.663,2023-01-28,23:00:00,true
Renovable,Hidráulica,2023-01-29T23:00:00.000Z,0.3760597378868019,155854.967,2023-01-29,23:00:00,true
Renovable,Hidráulica,2023-01-30T23:00:00.000Z,0.31375473586137353,145817.078,2023-01-30,23:00:00,true
Renovable,Eólica,2022-12-31T23:00:00.000Z,0.5733466659035913,161362.747,2022-12-31,23:00:00,true
Renovable,Eólica,2023-01-01T23:00:00.000Z,0.3513876204039209,97582.859,2023-01-01,23:00:00,true
Renovable,Eólica,2023-01-02T23:00:00.000Z,0.24470585895073654,72777.45,2023-01-02,23:00:00,true
Renovable,Eólica,2023-01-03T23:00:00.000Z,0.2424571627614762,68741.914,2023-01-03,23:00:00,true
Renovable,Eólica,2023-01-04T23:00:00.000Z,0.1712463311706385,45530.964,2023-01-04,23:00:00,true
Renovable,Eólica,2023-01-05T23:00:00.000Z,0.2953188814523386,85826.534,2023-01-05,23:00:00,true
Renovable,Eólica,2023-01-06T23:00:00.000Z,0.717039725884864,306913.097,2023-01-06,23:00:00,true
Renovable,Eólica,2023-01-07T23:00:00.000Z,0.7777675033936498,376185.312,2023-01-07,23:00:00,true
Renovable,Eólica,2023-01-08T23:00:00.000Z,0.6470725046632329,302495.793,2023-01-08,23:00:00,true
Renovable,Eólica,2023-01-09T23:00:00.000Z,0.5001083187241624,211448.537,2023-01-09,23:00:00,true
Renovable,Eólica,2023-01-10T23:00:00.000Z,0.5052646056675507,202813.504,2023-01-10,23:00:00,true
Renovable,Eólica,2023-01-11T23:00:00.000Z,0.39684581318885187,155505.705,2023-01-11,23:00:00,true
Renovable,Eólica,2023-01-12T23:00:00.000Z,0.40216164963553475,157196.795,2023-01-12,23:00:00,true
Renovable,Eólica,2023-01-13T23:00:00.000Z,0.4634104693711967,183462.268,2023-01-13,23:00:00,true
Renovable,Eólica,2023-01-14T23:00:00.000Z,0.6837543546015384,292377.269,2023-01-14,23:00:00,true
Renovable,Eólica,2023-01-15T23:00:00.000Z,0.747503380802596,405312.934,2023-01-15,23:00:00,true
Renovable,Eólica,2023-01-16T23:00:00.000Z,0.7393290644007762,393797.635,2023-01-16,23:00:00,true
Renovable,Eólica,2023-01-17T23:00:00.000Z,0.6791971444119882,360032.13,2023-01-17,23:00:00,true
Renovable,Eólica,2023-01-18T23:00:00.000Z,0.6805737203201853,377397.609,2023-01-18,23:00:00,true
Renovable,Eólica,2023-01-19T23:00:00.000Z,0.5907305201899192,277913.145,2023-01-19,23:00:00,true
Renovable,Eólica,2023-01-20T23:00:00.000Z,0.5998192734224572,274156.087,2023-01-20,23:00:00,true
Renovable,Eólica,2023-01-21T23:00:00.000Z,0.6029955265043224,295888.243,2023-01-21,23:00:00,true
Renovable,Eólica,2023-01-22T23:00:00.000Z,0.5886938787980481,315925.895,2023-01-22,23:00:00,true
Renovable,Eólica,2023-01-23T23:00:00.000Z,0.5047481999364445,240924.599,2023-01-23,23:00:00,true
Renovable,Eólica,2023-01-24T23:00:00.000Z,0.46744508129943324,225922.598,2023-01-24,23:00:00,true
Renovable,Eólica,2023-01-25T23:00:00.000Z,0.5835656193866411,319319.122,2023-01-25,23:00:00,true
Renovable,Eólica,2023-01-26T23:00:00.000Z,0.5925204678731201,343516.399,2023-01-26,23:00:00,true
Renovable,Eólica,2023-01-27T23:00:00.000Z,0.592648004031076,305861.764,2023-01-27,23:00:00,true
Renovable,Eólica,2023-01-28T23:00:00.000Z,0.529410736482296,232180.144,2023-01-28,23:00:00,true
Renovable,Eólica,2023-01-29T23:00:00.000Z,0.37816591656601123,156727.856,2023-01-29,23:00:00,true
Renovable,Eólica,2023-01-30T23:00:00.000Z,0.45660260734678637,212205.428,2023-01-30,23:00:00,true
Renovable,Solar fotovoltaica,2022-12-31T23:00:00.000Z,0.12394956202884046,34884.378,2022-12-31,23:00:00,true
Renovable,Solar fotovoltaica,2023-01-01T23:00:00.000Z,0.11490688505378394,31910.465,2023-01-01,23:00:00,true
Renovable,Solar fotovoltaica,2023-01-02T23:00:00.000Z,0.18143514739523864,53960.242,2023-01-02,23:00:00,true
Renovable,Solar fotovoltaica,2023-01-03T23:00:00.000Z,0.2061237358974471,58440.592,2023-01-03,23:00:00,true
Renovable,Solar fotovoltaica,2023-01-04T23:00:00.000Z,0.21995674938822057,58482.087,2023-01-04,23:00:00,true
Renovable,Solar fotovoltaica,2023-01-05T23:00:00.000Z,0.19003286361260296,55227.969,2023-01-05,23:00:00,true
Renovable,Solar fotovoltaica,2023-01-06T23:00:00.000Z,0.08486466530985831,36324.455,2023-01-06,23:00:00,true
Renovable,Solar fotovoltaica,2023-01-07T23:00:00.000Z,0.03664524994095239,17724.326,2023-01-07,23:00:00,true
Renovable,Solar fotovoltaica,2023-01-08T23:00:00.000Z,0.10702542613611264,50032.633,2023-01-08,23:00:00,true
Renovable,Solar fotovoltaica,2023-01-09T23:00:00.000Z,0.10917839608835626,46161.224,2023-01-09,23:00:00,true
Renovable,Solar fotovoltaica,2023-01-10T23:00:00.000Z,0.09306458233250696,37356.177,2023-01-10,23:00:00,true
Renovable,Solar fotovoltaica,2023-01-11T23:00:00.000Z,0.15513800162864652,60791.48,2023-01-11,23:00:00,true
Renovable,Solar fotovoltaica,2023-01-12T23:00:00.000Z,0.1419559741161285,55487.698,2023-01-12,23:00:00,true
Renovable,Solar fotovoltaica,2023-01-13T23:00:00.000Z,0.14620757280765484,57882.967,2023-01-13,23:00:00,true
Renovable,Solar fotovoltaica,2023-01-14T23:00:00.000Z,0.09909509534757996,42373.629,2023-01-14,23:00:00,true
Renovable,Solar fotovoltaica,2023-01-15T23:00:00.000Z,0.05734768792672941,31095.19,2023-01-15,23:00:00,true
Renovable,Solar fotovoltaica,2023-01-16T23:00:00.000Z,0.0715732976517742,38122.937,2023-01-16,23:00:00,true
Renovable,Solar fotovoltaica,2023-01-17T23:00:00.000Z,0.10785315377894109,57171.325,2023-01-17,23:00:00,true
Renovable,Solar fotovoltaica,2023-01-18T23:00:00.000Z,0.11033546204250094,61184.172,2023-01-18,23:00:00,true
Renovable,Solar fotovoltaica,2023-01-19T23:00:00.000Z,0.11548554901245874,54330.953,2023-01-19,23:00:00,true
Renovable,Solar fotovoltaica,2023-01-20T23:00:00.000Z,0.13227918827720683,60460.119,2023-01-20,23:00:00,true
Renovable,Solar fotovoltaica,2023-01-21T23:00:00.000Z,0.15300856264845863,75080.88,2023-01-21,23:00:00,true
Renovable,Solar fotovoltaica,2023-01-22T23:00:00.000Z,0.13768509150210229,73889.482,2023-01-22,23:00:00,true
Renovable,Solar fotovoltaica,2023-01-23T23:00:00.000Z,0.13051683669275396,62297.828,2023-01-23,23:00:00,true
Renovable,Solar fotovoltaica,2023-01-24T23:00:00.000Z,0.1535086208574355,74192.815,2023-01-24,23:00:00,true
Renovable,Solar fotovoltaica,2023-01-25T23:00:00.000Z,0.09912450168230358,54239.571,2023-01-25,23:00:00,true
Renovable,Solar fotovoltaica,2023-01-26T23:00:00.000Z,0.13261430988963,76883.741,2023-01-26,23:00:00,true
Renovable,Solar fotovoltaica,2023-01-27T23:00:00.000Z,0.16077273025980948,82973.756,2023-01-27,23:00:00,true
Renovable,Solar fotovoltaica,2023-01-28T23:00:00.000Z,0.18303856382927178,80274.005,2023-01-28,23:00:00,true
Renovable,Solar fotovoltaica,2023-01-29T23:00:00.000Z,0.19535650853745246,80963.951,2023-01-29,23:00:00,true
Renovable,Solar fotovoltaica,2023-01-30T23:00:00.000Z,0.18119129100271522,84208.401,2023-01-30,23:00:00,true
Renovable,Solar térmica,2022-12-31T23:00:00.000Z,0.0028830468004334576,811.405,2022-12-31,23:00:00,true
Renovable,Solar térmica,2023-01-01T23:00:00.000Z,7.01155844332967E-4,194.716,2023-01-01,23:00:00,true
Renovable,Solar térmica,2023-01-02T23:00:00.000Z,0.011642502663101961,3462.572,2023-01-02,23:00:00,true
Renovable,Solar térmica,2023-01-03T23:00:00.000Z,0.016690361838511136,4732.083,2023-01-03,23:00:00,true
Renovable,Solar térmica,2023-01-04T23:00:00.000Z,0.01974214011637437,5249.039,2023-01-04,23:00:00,true
Renovable,Solar térmica,2023-01-05T23:00:00.000Z,0.01577950818684147,4585.892,2023-01-05,23:00:00,true
Renovable,Solar térmica,2023-01-06T23:00:00.000Z,0.0020398897993650993,873.13,2023-01-06,23:00:00,true
Renovable,Solar térmica,2023-01-07T23:00:00.000Z,1.2300453625074494E-4,59.494,2023-01-07,23:00:00,true
Renovable,Solar térmica,2023-01-08T23:00:00.000Z,0.0021834882965544966,1020.745,2023-01-08,23:00:00,true
Renovable,Solar térmica,2023-01-09T23:00:00.000Z,0.0056218500489463264,2376.949,2023-01-09,23:00:00,true
Renovable,Solar térmica,2023-01-10T23:00:00.000Z,0.0023503329472672045,943.425,2023-01-10,23:00:00,true
Renovable,Solar térmica,2023-01-11T23:00:00.000Z,0.009791197448798153,3836.722,2023-01-11,23:00:00,true
Renovable,Solar térmica,2023-01-12T23:00:00.000Z,0.006826536421760873,2668.354,2023-01-12,23:00:00,true
Renovable,Solar térmica,2023-01-13T23:00:00.000Z,0.008607857985709653,3407.815,2023-01-13,23:00:00,true
Renovable,Solar térmica,2023-01-14T23:00:00.000Z,0.005383571651710903,2302.046,2023-01-14,23:00:00,true
Renovable,Solar térmica,2023-01-15T23:00:00.000Z,0.0010696979778909226,580.014,2023-01-15,23:00:00,true
Renovable,Solar térmica,2023-01-16T23:00:00.000Z,2.3312285574216002E-4,124.171,2023-01-16,23:00:00,true
Renovable,Solar térmica,2023-01-17T23:00:00.000Z,0.006951469865570772,3684.869,2023-01-17,23:00:00,true
Renovable,Solar térmica,2023-01-18T23:00:00.000Z,0.007436759470655604,4123.896,2023-01-18,23:00:00,true
Renovable,Solar térmica,2023-01-19T23:00:00.000Z,0.004100071066366639,1928.906,2023-01-19,23:00:00,true
Renovable,Solar térmica,2023-01-20T23:00:00.000Z,0.005455035524642693,2493.303,2023-01-20,23:00:00,true
Renovable,Solar térmica,2023-01-21T23:00:00.000Z,0.01754440870672589,8608.993,2023-01-21,23:00:00,true
Renovable,Solar térmica,2023-01-22T23:00:00.000Z,0.014961702219893527,8029.282,2023-01-22,23:00:00,true
Renovable,Solar térmica,2023-01-23T23:00:00.000Z,0.011652750413868289,5562.049,2023-01-23,23:00:00,true
Renovable,Solar térmica,2023-01-24T23:00:00.000Z,0.014011190689049628,6771.8,2023-01-24,23:00:00,true
Renovable,Solar térmica,2023-01-25T23:00:00.000Z,0.0033527135876827855,1834.559,2023-01-25,23:00:00,true
Renovable,Solar térmica,2023-01-26T23:00:00.000Z,0.011840044659732091,6864.319,2023-01-26,23:00:00,true
Renovable,Solar térmica,2023-01-27T23:00:00.000Z,0.017199828212900545,8876.719,2023-01-27,23:00:00,true
Renovable,Solar térmica,2023-01-28T23:00:00.000Z,0.01929311028195229,8461.251,2023-01-28,23:00:00,true
Renovable,Solar térmica,2023-01-29T23:00:00.000Z,0.01767070952264181,7323.485,2023-01-29,23:00:00,true
Renovable,Solar térmica,2023-01-30T23:00:00.000Z,0.016601999017912074,7715.756,2023-01-30,23:00:00,true
Renovable,Hidroeólica,2022-12-31T23:00:00.000Z,1.1227966169015135E-5,3.16,2022-12-31,23:00:00,true
Renovable,Hidroeólica,2023-01-01T23:00:00.000Z,3.465881078958487E-5,9.625,2023-01-01,23:00:00,true
Renovable,Hidroeólica,2023-01-02T23:00:00.000Z,1.1637889469887849E-4,34.612,2023-01-02,23:00:00,true
Renovable,Hidroeólica,2023-01-03T23:00:00.000Z,6.984645778360946E-5,19.803,2023-01-03,23:00:00,true
Renovable,Hidroeólica,2023-01-04T23:00:00.000Z,1.0884612116005887E-5,2.894,2023-01-04,23:00:00,true
Renovable,Hidroeólica,2023-01-05T23:00:00.000Z,4.281832190488902E-5,12.444,2023-01-05,23:00:00,true
Renovable,Hidroeólica,2023-01-06T23:00:00.000Z,1.6522282662501555E-5,7.072,2023-01-06,23:00:00,true
Renovable,Hidroeólica,2023-01-07T23:00:00.000Z,2.244904115726945E-5,10.858,2023-01-07,23:00:00,true
Renovable,Hidroeólica,2023-01-08T23:00:00.000Z,7.018427815953352E-6,3.281,2023-01-08,23:00:00,true
Renovable,Hidroeólica,2023-01-09T23:00:00.000Z,5.6787343638925905E-5,24.01,2023-01-09,23:00:00,true
Renovable,Hidroeólica,2023-01-10T23:00:00.000Z,1.8159914127577247E-4,72.894,2023-01-10,23:00:00,true
Renovable,Hidroeólica,2023-01-11T23:00:00.000Z,2.4775540503563194E-4,97.084,2023-01-11,23:00:00,true
Renovable,Hidroeólica,2023-01-12T23:00:00.000Z,2.3958271009958282E-4,93.648,2023-01-12,23:00:00,true
Renovable,Hidroeólica,2023-01-13T23:00:00.000Z,4.6651161855344724E-5,18.469,2023-01-13,23:00:00,true
Renovable,Hidroeólica,2023-01-14T23:00:00.000Z,1.466771793419019E-4,62.72,2023-01-14,23:00:00,true
Renovable,Hidroeólica,2023-01-15T23:00:00.000Z,1.1764365051823586E-4,63.789,2023-01-15,23:00:00,true
Renovable,Hidroeólica,2023-01-16T23:00:00.000Z,1.2351262721219304E-4,65.788,2023-01-16,23:00:00,true
Renovable,Hidroeólica,2023-01-17T23:00:00.000Z,1.1952802953987349E-4,63.36,2023-01-17,23:00:00,true
Renovable,Hidroeólica,2023-01-18T23:00:00.000Z,1.7313984483049893E-4,96.011,2023-01-18,23:00:00,true
Renovable,Hidroeólica,2023-01-19T23:00:00.000Z,2.0365954021698662E-4,95.813,2023-01-19,23:00:00,true
Renovable,Hidroeólica,2023-01-20T23:00:00.000Z,1.930034010332299E-4,88.215,2023-01-20,23:00:00,true
Renovable,Hidroeólica,2023-01-21T23:00:00.000Z,1.8403404768256655E-4,90.305,2023-01-21,23:00:00,true
Renovable,Hidroeólica,2023-01-22T23:00:00.000Z,1.815447212064001E-4,97.427,2023-01-22,23:00:00,true
Renovable,Hidroeólica,2023-01-23T23:00:00.000Z,1.4228507234615605E-4,67.915,2023-01-23,23:00:00,true
Renovable,Hidroeólica,2023-01-24T23:00:00.000Z,1.505316411280777E-4,72.754,2023-01-24,23:00:00,true
Renovable,Hidroeólica,2023-01-25T23:00:00.000Z,1.362588896754156E-4,74.559,2023-01-25,23:00:00,true
Renovable,Hidroeólica,2023-01-26T23:00:00.000Z,1.5996771447143897E-4,92.742,2023-01-26,23:00:00,true
Renovable,Hidroeólica,2023-01-27T23:00:00.000Z,1.774581652160552E-4,91.585,2023-01-27,23:00:00,true
Renovable,Hidroeólica,2023-01-28T23:00:00.000Z,1.0445697393051174E-4,45.811,2023-01-28,23:00:00,true
Renovable,Hidroeólica,2023-01-29T23:00:00.000Z,6.853551735015747E-5,28.404,2023-01-29,23:00:00,true
Renovable,Hidroeólica,2023-01-30T23:00:00.000Z,9.134400599350255E-5,42.452,2023-01-30,23:00:00,true
Renovable,Otras renovables,2022-12-31T23:00:00.000Z,0.018867929154105956,5310.192,2022-12-31,23:00:00,true
Renovable,Otras renovables,2023-01-01T23:00:00.000Z,0.032811537585027174,9111.999,2023-01-01,23:00:00,true
Renovable,Otras renovables,2023-01-02T23:00:00.000Z,0.03653905575607872,10867.003,2023-01-02,23:00:00,true
Renovable,Otras renovables,2023-01-03T23:00:00.000Z,0.0378505795393706,10731.468,2023-01-03,23:00:00,true
Renovable,Otras renovables,2023-01-04T23:00:00.000Z,0.04054472127839762,10780.028,2023-01-04,23:00:00,true
Renovable,Otras renovables,2023-01-05T23:00:00.000Z,0.03847361449773601,11181.327,2023-01-05,23:00:00,true
Renovable,Otras renovables,2023-01-06T23:00:00.000Z,0.01580895320069043,6766.675,2023-01-06,23:00:00,true
Renovable,Otras renovables,2023-01-07T23:00:00.000Z,0.012968927684209864,6272.723,2023-01-07,23:00:00,true
Renovable,Otras renovables,2023-01-08T23:00:00.000Z,0.01989350368973574,9299.887,2023-01-08,23:00:00,true
Renovable,Otras renovables,2023-01-09T23:00:00.000Z,0.027193079523921068,11497.383,2023-01-09,23:00:00,true
Renovable,Otras renovables,2023-01-10T23:00:00.000Z,0.02941067524849457,11805.462,2023-01-10,23:00:00,true
Renovable,Otras renovables,2023-01-11T23:00:00.000Z,0.028935309451921278,11338.423,2023-01-11,23:00:00,true
Renovable,Otras renovables,2023-01-12T23:00:00.000Z,0.02886323119443329,11282.049,2023-01-12,23:00:00,true
Renovable,Otras renovables,2023-01-13T23:00:00.000Z,0.025958167446731104,10276.73,2023-01-13,23:00:00,true
Renovable,Otras renovables,2023-01-14T23:00:00.000Z,0.022792941443247415,9746.392,2023-01-14,23:00:00,true
Renovable,Otras renovables,2023-01-15T23:00:00.000Z,0.012284640679744496,6661.005,2023-01-15,23:00:00,true
Renovable,Otras renovables,2023-01-16T23:00:00.000Z,0.010263880922480158,5466.973,2023-01-16,23:00:00,true
Renovable,Otras renovables,2023-01-17T23:00:00.000Z,0.010238954754547136,5427.515,2023-01-17,23:00:00,true
Renovable,Otras renovables,2023-01-18T23:00:00.000Z,0.009978815800517798,5533.539,2023-01-18,23:00:00,true
Renovable,Otras renovables,2023-01-19T23:00:00.000Z,0.01921379066017323,9039.257,2023-01-19,23:00:00,true
Renovable,Otras renovables,2023-01-20T23:00:00.000Z,0.02111480836354503,9650.829,2023-01-20,23:00:00,true
Renovable,Otras renovables,2023-01-21T23:00:00.000Z,0.017417061343837505,8546.504,2023-01-21,23:00:00,true
Renovable,Otras renovables,2023-01-22T23:00:00.000Z,0.01757862986285015,9433.671,2023-01-22,23:00:00,true
Renovable,Otras renovables,2023-01-23T23:00:00.000Z,0.021195259114184597,10116.845,2023-01-23,23:00:00,true
Renovable,Otras renovables,2023-01-24T23:00:00.000Z,0.022904717320632876,11070.163,2023-01-24,23:00:00,true
Renovable,Otras renovables,2023-01-25T23:00:00.000Z,0.01984962281138327,10861.442,2023-01-25,23:00:00,true
Renovable,Otras renovables,2023-01-26T23:00:00.000Z,0.01749053306807059,10140.215,2023-01-26,23:00:00,true
Renovable,Otras renovables,2023-01-27T23:00:00.000Z,0.018676339826610298,9638.737,2023-01-27,23:00:00,true
Renovable,Otras renovables,2023-01-28T23:00:00.000Z,0.022646110511935033,9931.754,2023-01-28,23:00:00,true
Renovable,Otras renovables,2023-01-29T23:00:00.000Z,0.027593467227011843,11435.893,2023-01-29,23:00:00,true
Renovable,Otras renovables,2023-01-30T23:00:00.000Z,0.02666734591560221,12393.612,2023-01-30,23:00:00,true
Renovable,Residuos renovables,2022-12-31T23:00:00.000Z,0.008785673891177138,2472.641,2022-12-31,23:00:00,true
Renovable,Residuos renovables,2023-01-01T23:00:00.000Z,0.008568117143899734,2379.4275,2023-01-01,23:00:00,true
Renovable,Residuos renovables,2023-01-02T23:00:00.000Z,0.00872482271207632,2594.831,2023-01-02,23:00:00,true
Renovable,Residuos renovables,2023-01-03T23:00:00.000Z,0.009294534410806384,2635.204,2023-01-03,23:00:00,true
Renovable,Residuos renovables,2023-01-04T23:00:00.000Z,0.009968914973252111,2650.5345,2023-01-04,23:00:00,true
Renovable,Residuos renovables,2023-01-05T23:00:00.000Z,0.009070440760636591,2636.081,2023-01-05,23:00:00,true
Renovable,Residuos renovables,2023-01-06T23:00:00.000Z,0.0060619956042878165,2594.704,2023-01-06,23:00:00,true
Renovable,Residuos renovables,2023-01-07T23:00:00.000Z,0.005053997004535412,2444.483,2023-01-07,23:00:00,true
Renovable,Residuos renovables,2023-01-08T23:00:00.000Z,0.005056519478349031,2363.84,2023-01-08,23:00:00,true
Renovable,Residuos renovables,2023-01-09T23:00:00.000Z,0.0056796792428506805,2401.3995,2023-01-09,23:00:00,true
Renovable,Residuos renovables,2023-01-10T23:00:00.000Z,0.0062370152076749695,2503.5415,2023-01-10,23:00:00,true
Renovable,Residuos renovables,2023-01-11T23:00:00.000Z,0.006255823977149707,2451.371,2023-01-11,23:00:00,true
Renovable,Residuos renovables,2023-01-12T23:00:00.000Z,0.006453867982433381,2522.6855,2023-01-12,23:00:00,true
Renovable,Residuos renovables,2023-01-13T23:00:00.000Z,0.006129363772861553,2426.5895,2023-01-13,23:00:00,true
Renovable,Residuos renovables,2023-01-14T23:00:00.000Z,0.005603711366682066,2396.179,2023-01-14,23:00:00,true
Renovable,Residuos renovables,2023-01-15T23:00:00.000Z,0.0040501043033171905,2196.0565,2023-01-15,23:00:00,true
Renovable,Residuos renovables,2023-01-16T23:00:00.000Z,0.004028694539615511,2145.8515,2023-01-16,23:00:00,true
Renovable,Residuos renovables,2023-01-17T23:00:00.000Z,0.004317993456406329,2288.903,2023-01-17,23:00:00,true
Renovable,Residuos renovables,2023-01-18T23:00:00.000Z,0.0040432872189810655,2242.1185,2023-01-18,23:00:00,true
Renovable,Residuos renovables,2023-01-19T23:00:00.000Z,0.005005836631432476,2355.0295,2023-01-19,23:00:00,true
Renovable,Residuos renovables,2023-01-20T23:00:00.000Z,0.0052024201849793904,2377.8415,2023-01-20,23:00:00,true
Renovable,Residuos renovables,2023-01-21T23:00:00.000Z,0.004067226837736223,1995.777,2023-01-21,23:00:00,true
Renovable,Residuos renovables,2023-01-22T23:00:00.000Z,0.002877182054739131,1544.056,2023-01-22,23:00:00,true
Renovable,Residuos renovables,2023-01-23T23:00:00.000Z,0.003100229674588153,1479.7905,2023-01-23,23:00:00,true
Renovable,Residuos renovables,2023-01-24T23:00:00.000Z,0.003052784537365988,1475.4525,2023-01-24,23:00:00,true
Renovable,Residuos renovables,2023-01-25T23:00:00.000Z,0.0024284086767469367,1328.792,2023-01-25,23:00:00,true
Renovable,Residuos renovables,2023-01-26T23:00:00.000Z,0.0023737901722538724,1376.2155,2023-01-26,23:00:00,true
Renovable,Residuos renovables,2023-01-27T23:00:00.000Z,0.0029516930420133767,1523.3495,2023-01-27,23:00:00,true
Renovable,Residuos renovables,2023-01-28T23:00:00.000Z,0.004224516291427601,1852.718,2023-01-28,23:00:00,true
Renovable,Residuos renovables,2023-01-29T23:00:00.000Z,0.005085124742730767,2107.4895,2023-01-29,23:00:00,true
Renovable,Residuos renovables,2023-01-30T23:00:00.000Z,0.005090676849616928,2365.885,2023-01-30,23:00:00,true
Renovable,Generación renovable,2022-12-31T23:00:00.000Z,1.0,281440.107,2022-12-31,23:00:00,true
Renovable,Generación renovable,2023-01-01T23:00:00.000Z,1.0,277707.16250000003,2023-01-01,23:00:00,true
Renovable,Generación renovable,2023-01-02T23:00:00.000Z,1.0,297407.877,2023-01-02,23:00:00,true
Renovable,Generación renovable,2023-01-03T23:00:00.000Z,1.0,283521.89400000003,2023-01-03,23:00:00,true
Renovable,Generación renovable,2023-01-04T23:00:00.000Z,1.0,265879.9385,2023-01-04,23:00:00,true
Renovable,Generación renovable,2023-01-05T23:00:00.000Z,1.0,290623.25299999997,2023-01-05,23:00:00,true
Renovable,Generación renovable,2023-01-06T23:00:00.000Z,1.0,428028.02400000003,2023-01-06,23:00:00,true
Renovable,Generación renovable,2023-01-07T23:00:00.000Z,1.0,483673.219,2023-01-07,23:00:00,true
Renovable,Generación renovable,2023-01-08T23:00:00.000Z,1.0,467483.61400000006,2023-01-08,23:00:00,true
Renovable,Generación renovable,2023-01-09T23:00:00.000Z,1.0,422805.4785,2023-01-09,23:00:00,true
Renovable,Generación renovable,2023-01-10T23:00:00.000Z,1.0,401400.57649999997,2023-01-10,23:00:00,true
Renovable,Generación renovable,2023-01-11T23:00:00.000Z,1.0,391854.21599999996,2023-01-11,23:00:00,true
Renovable,Generación renovable,2023-01-12T23:00:00.000Z,1.0,390879.62549999997,2023-01-12,23:00:00,true
Renovable,Generación renovable,2023-01-13T23:00:00.000Z,1.0,395895.8205,2023-01-13,23:00:00,true
Renovable,Generación renovable,2023-01-14T23:00:00.000Z,1.0,427605.7139999999,2023-01-14,23:00:00,true
Renovable,Generación renovable,2023-01-15T23:00:00.000Z,1.0,542222.2084999998,2023-01-15,23:00:00,true
Renovable,Generación renovable,2023-01-16T23:00:00.000Z,1.0,532641.8964999999,2023-01-16,23:00:00,true
Renovable,Generación renovable,2023-01-17T23:00:00.000Z,1.0,530084.87,2023-01-17,23:00:00,true
Renovable,Generación renovable,2023-01-18T23:00:00.000Z,1.0,554528.6244999999,2023-01-18,23:00:00,true
Renovable,Generación renovable,2023-01-19T23:00:00.000Z,1.0,470456.7235,2023-01-19,23:00:00,true
Renovable,Generación renovable,2023-01-20T23:00:00.000Z,1.0,457064.4845000001,2023-01-20,23:00:00,true
Renovable,Generación renovable,2023-01-21T23:00:00.000Z,1.0,490697.24400000006,2023-01-21,23:00:00,true
Renovable,Generación renovable,2023-01-22T23:00:00.000Z,1.0,536655.648,2023-01-22,23:00:00,true
Renovable,Generación renovable,2023-01-23T23:00:00.000Z,1.0,477316.41049999994,2023-01-23,23:00:00,true
Renovable,Generación renovable,2023-01-24T23:00:00.000Z,1.0,483313.6705,2023-01-24,23:00:00,true
Renovable,Generación renovable,2023-01-25T23:00:00.000Z,1.0,547186.317,2023-01-25,23:00:00,true
Renovable,Generación renovable,2023-01-26T23:00:00.000Z,1.0,579754.4855,2023-01-26,23:00:00,true
Renovable,Generación renovable,2023-01-27T23:00:00.000Z,1.0,516093.4685000001,2023-01-27,23:00:00,true
Renovable,Generación renovable,2023-01-28T23:00:00.000Z,1.0,438563.346,2023-01-28,23:00:00,true
Renovable,Generación renovable,2023-01-29T23:00:00.000Z,1.0,414442.04549999995,2023-01-29,23:00:00,true
Renovable,Generación renovable,2023-01-30T23:00:00.000Z,1.0,464748.6120000001,2023-01-30,23:00:00,true
No-Renovable,Turbinación bombeo,2022-12-31T23:00:00.000Z,0.04249359681678212,11629.361,2022-12-31,23:00:00,false
No-Renovable,Turbinación bombeo,2023-01-01T23:00:00.000Z,0.049554177705055776,19334.608,2023-01-01,23:00:00,false
No-Renovable,Turbinación bombeo,2023-01-02T23:00:00.000Z,0.027614723438167274,11252.745,2023-01-02,23:00:00,false
No-Renovable,Turbinación bombeo,2023-01-03T23:00:00.000Z,0.04678569917862023,18004.257,2023-01-03,23:00:00,false
No-Renovable,Turbinación bombeo,2023-01-04T23:00:00.000Z,0.03164758021910243,12800.362,2023-01-04,23:00:00,false
No-Renovable,Turbinación bombeo,2023-01-05T23:00:00.000Z,0.035599442037225516,12027.723,2023-01-05,23:00:00,false
No-Renovable,Turbinación bombeo,2023-01-06T23:00:00.000Z,0.0757353807344536,20475.111,2023-01-06,23:00:00,false
No-Renovable,Turbinación bombeo,2023-01-07T23:00:00.000Z,0.03083296878175252,7193.13,2023-01-07,23:00:00,false
No-Renovable,Turbinación bombeo,2023-01-08T23:00:00.000Z,0.06124280245948358,19281.589,2023-01-08,23:00:00,false
No-Renovable,Turbinación bombeo,2023-01-09T23:00:00.000Z,0.043475756791131547,15272.125,2023-01-09,23:00:00,false
No-Renovable,Turbinación bombeo,2023-01-10T23:00:00.000Z,0.05719815596165956,20630.431,2023-01-10,23:00:00,false
No-Renovable,Turbinación bombeo,2023-01-11T23:00:00.000Z,0.048709753389762654,17415.556,2023-01-11,23:00:00,false
No-Renovable,Turbinación bombeo,2023-01-12T23:00:00.000Z,0.06384810319507925,23255.917,2023-01-12,23:00:00,false
No-Renovable,Turbinación bombeo,2023-01-13T23:00:00.000Z,0.047885486213174094,14620.284,2023-01-13,23:00:00,false
No-Renovable,Turbinación bombeo,2023-01-14T23:00:00.000Z,0.051427532362114815,14512.2,2023-01-14,23:00:00,false
No-Renovable,Turbinación bombeo,2023-01-15T23:00:00.000Z,0.1033962226296464,29220.967,2023-01-15,23:00:00,false
No-Renovable,Turbinación bombeo,2023-01-16T23:00:00.000Z,0.08582856931791623,23188.014,2023-01-16,23:00:00,false
No-Renovable,Turbinación bombeo,2023-01-17T23:00:00.000Z,0.08723743510612468,25528.701,2023-01-17,23:00:00,false
No-Renovable,Turbinación bombeo,2023-01-18T23:00:00.000Z,0.07357587028792396,22035.722,2023-01-18,23:00:00,false
No-Renovable,Turbinación bombeo,2023-01-19T23:00:00.000Z,0.05630118267076463,19848.476,2023-01-19,23:00:00,false
No-Renovable,Turbinación bombeo,2023-01-20T23:00:00.000Z,0.047341315625996985,14130.916,2023-01-20,23:00:00,false
No-Renovable,Turbinación bombeo,2023-01-21T23:00:00.000Z,0.05886768084465026,17361.618,2023-01-21,23:00:00,false
No-Renovable,Turbinación bombeo,2023-01-22T23:00:00.000Z,0.06584490623521856,21967.131,2023-01-22,23:00:00,false
No-Renovable,Turbinación bombeo,2023-01-23T23:00:00.000Z,0.06919798219163455,26321.4,2023-01-23,23:00:00,false
No-Renovable,Turbinación bombeo,2023-01-24T23:00:00.000Z,0.0430052893239814,15551.696,2023-01-24,23:00:00,false
No-Renovable,Turbinación bombeo,2023-01-25T23:00:00.000Z,0.04356099657680855,14732.261,2023-01-25,23:00:00,false
No-Renovable,Turbinación bombeo,2023-01-26T23:00:00.000Z,0.05056071528524063,16355.019,2023-01-26,23:00:00,false
No-Renovable,Turbinación bombeo,2023-01-27T23:00:00.000Z,0.05762111026078981,17841.376,2023-01-27,23:00:00,false
No-Renovable,Turbinación bombeo,2023-01-28T23:00:00.000Z,0.05672927785735959,18841.53,2023-01-28,23:00:00,false
No-Renovable,Turbinación bombeo,2023-01-29T23:00:00.000Z,0.03345850670808278,13722.603,2023-01-29,23:00:00,false
No-Renovable,Turbinación bombeo,2023-01-30T23:00:00.000Z,0.021230495021451745,8444.621,2023-01-30,23:00:00,false
No-Renovable,Nuclear,2022-12-31T23:00:00.000Z,0.5651839652172661,154675.736,2022-12-31,23:00:00,true
No-Renovable,Nuclear,2023-01-01T23:00:00.000Z,0.4169636633991647,162687.171,2023-01-01,23:00:00,true
No-Renovable,Nuclear,2023-01-02T23:00:00.000Z,0.415846549732796,169453.632,2023-01-02,23:00:00,true
No-Renovable,Nuclear,2023-01-03T23:00:00.000Z,0.44110534516696315,169747.896,2023-01-03,23:00:00,true
No-Renovable,Nuclear,2023-01-04T23:00:00.000Z,0.41995963705123834,169859.286,2023-01-04,23:00:00,true
No-Renovable,Nuclear,2023-01-05T23:00:00.000Z,0.5026904672985149,169840.35,2023-01-05,23:00:00,true
No-Renovable,Nuclear,2023-01-06T23:00:00.000Z,0.5035726136592426,136141.194,2023-01-06,23:00:00,true
No-Renovable,Nuclear,2023-01-07T23:00:00.000Z,0.512783973829425,119629.148,2023-01-07,23:00:00,true
No-Renovable,Nuclear,2023-01-08T23:00:00.000Z,0.473398868530829,149044.166,2023-01-08,23:00:00,true
No-Renovable,Nuclear,2023-01-09T23:00:00.000Z,0.4824637784143304,169479.445,2023-01-09,23:00:00,true
No-Renovable,Nuclear,2023-01-10T23:00:00.000Z,0.47043934559152006,169679.709,2023-01-10,23:00:00,true
No-Renovable,Nuclear,2023-01-11T23:00:00.000Z,0.47457118654516384,169676.923,2023-01-11,23:00:00,true
No-Renovable,Nuclear,2023-01-12T23:00:00.000Z,0.465879118716169,169690.963,2023-01-12,23:00:00,true
No-Renovable,Nuclear,2023-01-13T23:00:00.000Z,0.5560745682085081,169779.379,2023-01-13,23:00:00,true
No-Renovable,Nuclear,2023-01-14T23:00:00.000Z,0.6005620953238419,169471.037,2023-01-14,23:00:00,true
No-Renovable,Nuclear,2023-01-15T23:00:00.000Z,0.5370944770560998,151789.104,2023-01-15,23:00:00,true
No-Renovable,Nuclear,2023-01-16T23:00:00.000Z,0.5604965783068655,151427.463,2023-01-16,23:00:00,true
No-Renovable,Nuclear,2023-01-17T23:00:00.000Z,0.5261561868615556,153971.56,2023-01-17,23:00:00,true
No-Renovable,Nuclear,2023-01-18T23:00:00.000Z,0.5660089084187274,169517.736,2023-01-18,23:00:00,true
No-Renovable,Nuclear,2023-01-19T23:00:00.000Z,0.4819468756647232,169906.04,2023-01-19,23:00:00,true
No-Renovable,Nuclear,2023-01-20T23:00:00.000Z,0.570183089279684,170194.031,2023-01-20,23:00:00,true
No-Renovable,Nuclear,2023-01-21T23:00:00.000Z,0.576857784956886,170130.441,2023-01-21,23:00:00,true
No-Renovable,Nuclear,2023-01-22T23:00:00.000Z,0.5101039420705923,170180.516,2023-01-22,23:00:00,true
No-Renovable,Nuclear,2023-01-23T23:00:00.000Z,0.44710655674147604,170069.562,2023-01-23,23:00:00,true
No-Renovable,Nuclear,2023-01-24T23:00:00.000Z,0.47034579324645664,170087.794,2023-01-24,23:00:00,true
No-Renovable,Nuclear,2023-01-25T23:00:00.000Z,0.50284344305576,170060.867,2023-01-25,23:00:00,true
No-Renovable,Nuclear,2023-01-26T23:00:00.000Z,0.5258811754426139,170108.286,2023-01-26,23:00:00,true
No-Renovable,Nuclear,2023-01-27T23:00:00.000Z,0.5493964126968962,170111.057,2023-01-27,23:00:00,true
No-Renovable,Nuclear,2023-01-28T23:00:00.000Z,0.512228544447104,170126.782,2023-01-28,23:00:00,true
No-Renovable,Nuclear,2023-01-29T23:00:00.000Z,0.41472607534763306,170094.898,2023-01-29,23:00:00,true
No-Renovable,Nuclear,2023-01-30T23:00:00.000Z,0.4277248442068662,170131.417,2023-01-30,23:00:00,true
No-Renovable,Ciclo combinado,2022-12-31T23:00:00.000Z,0.2335450636798796,63915.038,2022-12-31,23:00:00,false
No-Renovable,Ciclo combinado,2023-01-01T23:00:00.000Z,0.3734265228427048,145700.237,2023-01-01,23:00:00,false
No-Renovable,Ciclo combinado,2023-01-02T23:00:00.000Z,0.3707052527542752,151058.97,2023-01-02,23:00:00,false
No-Renovable,Ciclo combinado,2023-01-03T23:00:00.000Z,0.30923032911741577,118999.233,2023-01-03,23:00:00,false
No-Renovable,Ciclo combinado,2023-01-04T23:00:00.000Z,0.36979275783731613,149568.502,2023-01-04,23:00:00,false
No-Renovable,Ciclo combinado,2023-01-05T23:00:00.000Z,0.27147837750403464,91722.413,2023-01-05,23:00:00,false
No-Renovable,Ciclo combinado,2023-01-06T23:00:00.000Z,0.2364588619792995,63926.812,2023-01-06,23:00:00,false
No-Renovable,Ciclo combinado,2023-01-07T23:00:00.000Z,0.24590624080972415,57368.318,2023-01-07,23:00:00,false
No-Renovable,Ciclo combinado,2023-01-08T23:00:00.000Z,0.2525101206666467,79499.895,2023-01-08,23:00:00,false
No-Renovable,Ciclo combinado,2023-01-09T23:00:00.000Z,0.24345615329102982,85521.06,2023-01-09,23:00:00,false
No-Renovable,Ciclo combinado,2023-01-10T23:00:00.000Z,0.2562588290963913,92428.331,2023-01-10,23:00:00,false
No-Renovable,Ciclo combinado,2023-01-11T23:00:00.000Z,0.25862714140461524,92468.862,2023-01-11,23:00:00,false
No-Renovable,Ciclo combinado,2023-01-12T23:00:00.000Z,0.26562956854648145,96752.431,2023-01-12,23:00:00,false
No-Renovable,Ciclo combinado,2023-01-13T23:00:00.000Z,0.21143355953572907,64554.397,2023-01-13,23:00:00,false
No-Renovable,Ciclo combinado,2023-01-14T23:00:00.000Z,0.16967704592644986,47880.719,2023-01-14,23:00:00,false
No-Renovable,Ciclo combinado,2023-01-15T23:00:00.000Z,0.17393029253466205,49154.71,2023-01-15,23:00:00,false
No-Renovable,Ciclo combinado,2023-01-16T23:00:00.000Z,0.1617848196413625,43708.857,2023-01-16,23:00:00,false
No-Renovable,Ciclo combinado,2023-01-17T23:00:00.000Z,0.20254435714500904,59271.508,2023-01-17,23:00:00,false
No-Renovable,Ciclo combinado,2023-01-18T23:00:00.000Z,0.18022136289022442,53975.683,2023-01-18,23:00:00,false
No-Renovable,Ciclo combinado,2023-01-19T23:00:00.000Z,0.27473080093133617,96853.875,2023-01-19,23:00:00,false
No-Renovable,Ciclo combinado,2023-01-20T23:00:00.000Z,0.19138350336438165,57126.089,2023-01-20,23:00:00,false
No-Renovable,Ciclo combinado,2023-01-21T23:00:00.000Z,0.1940461215540534,57229.274,2023-01-21,23:00:00,false
No-Renovable,Ciclo combinado,2023-01-22T23:00:00.000Z,0.24045134056576087,80219.206,2023-01-22,23:00:00,false
No-Renovable,Ciclo combinado,2023-01-23T23:00:00.000Z,0.3067181066884828,116668.864,2023-01-23,23:00:00,false
No-Renovable,Ciclo combinado,2023-01-24T23:00:00.000Z,0.2884174222981555,104298.335,2023-01-24,23:00:00,false
No-Renovable,Ciclo combinado,2023-01-25T23:00:00.000Z,0.24974458929937457,84463.23,2023-01-25,23:00:00,false
No-Renovable,Ciclo combinado,2023-01-26T23:00:00.000Z,0.23649003761154835,76498.108,2023-01-26,23:00:00,false
No-Renovable,Ciclo combinado,2023-01-27T23:00:00.000Z,0.21185936922155438,65598.574,2023-01-27,23:00:00,false
No-Renovable,Ciclo combinado,2023-01-28T23:00:00.000Z,0.2560009222395806,85025.744,2023-01-28,23:00:00,false
No-Renovable,Ciclo combinado,2023-01-29T23:00:00.000Z,0.3543403548015338,145328.423,2023-01-29,23:00:00,false
No-Renovable,Ciclo combinado,2023-01-30T23:00:00.000Z,0.3311607448756191,131722.175,2023-01-30,23:00:00,false
No-Renovable,Carbón,2022-12-31T23:00:00.000Z,0.03880531534290657,10619.977,2022-12-31,23:00:00,false
No-Renovable,Carbón,2023-01-01T23:00:00.000Z,0.03202864080915865,12496.65,2023-01-01,23:00:00,false
No-Renovable,Carbón,2023-01-02T23:00:00.000Z,0.03522158525047142,14352.471,2023-01-02,23:00:00,false
No-Renovable,Carbón,2023-01-03T23:00:00.000Z,0.03765271223849906,14489.665,2023-01-03,23:00:00,false
No-Renovable,Carbón,2023-01-04T23:00:00.000Z,0.020098255960696733,8129.056,2023-01-04,23:00:00,false
No-Renovable,Carbón,2023-01-05T23:00:00.000Z,0.016444828859658346,5556.094,2023-01-05,23:00:00,false
No-Renovable,Carbón,2023-01-06T23:00:00.000Z,0.014957255275316111,4043.704,2023-01-06,23:00:00,false
No-Renovable,Carbón,2023-01-07T23:00:00.000Z,0.024468092571184406,5708.246,2023-01-07,23:00:00,false
No-Renovable,Carbón,2023-01-08T23:00:00.000Z,0.02254938366009615,7099.413,2023-01-08,23:00:00,false
No-Renovable,Carbón,2023-01-09T23:00:00.000Z,0.04021643684065792,14127.194,2023-01-09,23:00:00,false
No-Renovable,Carbón,2023-01-10T23:00:00.000Z,0.04306627573648202,15533.295,2023-01-10,23:00:00,false
No-Renovable,Carbón,2023-01-11T23:00:00.000Z,0.03988214131935145,14259.355,2023-01-11,23:00:00,false
No-Renovable,Carbón,2023-01-12T23:00:00.000Z,0.035303168786548544,12858.762,2023-01-12,23:00:00,false
No-Renovable,Carbón,2023-01-13T23:00:00.000Z,0.01922677594324121,5870.274,2023-01-13,23:00:00,false
No-Renovable,Carbón,2023-01-14T23:00:00.000Z,0.021468916354895094,6058.257,2023-01-14,23:00:00,false
No-Renovable,Carbón,2023-01-15T23:00:00.000Z,0.023254311233437637,6571.937,2023-01-15,23:00:00,false
No-Renovable,Carbón,2023-01-16T23:00:00.000Z,0.02592493529580799,7004.052,2023-01-16,23:00:00,false
No-Renovable,Carbón,2023-01-17T23:00:00.000Z,0.024802933147669324,7258.199,2023-01-17,23:00:00,false
No-Renovable,Carbón,2023-01-18T23:00:00.000Z,0.026222091850118628,7853.427,2023-01-18,23:00:00,false
No-Renovable,Carbón,2023-01-19T23:00:00.000Z,0.024282190361377628,8560.468,2023-01-19,23:00:00,false
No-Renovable,Carbón,2023-01-20T23:00:00.000Z,0.022334844851148963,6666.731,2023-01-20,23:00:00,false
No-Renovable,Carbón,2023-01-21T23:00:00.000Z,0.020612726829756588,6079.232,2023-01-21,23:00:00,false
No-Renovable,Carbón,2023-01-22T23:00:00.000Z,0.02518941860232711,8403.676,2023-01-22,23:00:00,false
No-Renovable,Carbón,2023-01-23T23:00:00.000Z,0.02787688562342437,10603.758,2023-01-23,23:00:00,false
No-Renovable,Carbón,2023-01-24T23:00:00.000Z,0.03715699211736656,13436.818,2023-01-24,23:00:00,false
No-Renovable,Carbón,2023-01-25T23:00:00.000Z,0.03930596805417534,13293.217,2023-01-25,23:00:00,false
No-Renovable,Carbón,2023-01-26T23:00:00.000Z,0.027921916224213385,9031.982,2023-01-26,23:00:00,false
No-Renovable,Carbón,2023-01-27T23:00:00.000Z,0.01944951980941324,6022.206,2023-01-27,23:00:00,false
No-Renovable,Carbón,2023-01-28T23:00:00.000Z,0.017984632286955446,5973.247,2023-01-28,23:00:00,false
No-Renovable,Carbón,2023-01-29T23:00:00.000Z,0.030473264714882587,12498.242,2023-01-29,23:00:00,false
No-Renovable,Carbón,2023-01-30T23:00:00.000Z,0.037772721813163136,15024.441,2023-01-30,23:00:00,false
No-Renovable,Motores diésel,2022-12-31T23:00:00.000Z,0.020007212542536488,5475.439,2022-12-31,23:00:00,false
No-Renovable,Motores diésel,2023-01-01T23:00:00.000Z,0.017179460520242863,6702.929,2023-01-01,23:00:00,false
No-Renovable,Motores diésel,2023-01-02T23:00:00.000Z,0.014895983914708172,6069.976,2023-01-02,23:00:00,false
No-Renovable,Motores diésel,2023-01-03T23:00:00.000Z,0.015597894016665878,6002.443,2023-01-03,23:00:00,false
No-Renovable,Motores diésel,2023-01-04T23:00:00.000Z,0.01607397199053013,6501.371,2023-01-04,23:00:00,false
No-Renovable,Motores diésel,2023-01-05T23:00:00.000Z,0.017095622839175758,5775.973,2023-01-05,23:00:00,false
No-Renovable,Motores diésel,2023-01-06T23:00:00.000Z,0.02175221899116352,5880.727,2023-01-06,23:00:00,false
No-Renovable,Motores diésel,2023-01-07T23:00:00.000Z,0.023028489426885387,5372.396,2023-01-07,23:00:00,false
No-Renovable,Motores diésel,2023-01-08T23:00:00.000Z,0.019394613332647265,6106.17,2023-01-08,23:00:00,false
No-Renovable,Motores diésel,2023-01-09T23:00:00.000Z,0.01865958401371645,6554.722,2023-01-09,23:00:00,false
No-Renovable,Motores diésel,2023-01-10T23:00:00.000Z,0.015950835078195297,5753.203,2023-01-10,23:00:00,false
No-Renovable,Motores diésel,2023-01-11T23:00:00.000Z,0.014820186043389754,5298.77,2023-01-11,23:00:00,false
No-Renovable,Motores diésel,2023-01-12T23:00:00.000Z,0.015013695097750208,5468.561,2023-01-12,23:00:00,false
No-Renovable,Motores diésel,2023-01-13T23:00:00.000Z,0.019103700843234095,5832.697,2023-01-13,23:00:00,false
No-Renovable,Motores diésel,2023-01-14T23:00:00.000Z,0.01847382835364906,5213.081,2023-01-14,23:00:00,false
No-Renovable,Motores diésel,2023-01-15T23:00:00.000Z,0.01954427535300419,5523.438,2023-01-15,23:00:00,false
No-Renovable,Motores diésel,2023-01-16T23:00:00.000Z,0.02192686913208516,5923.908,2023-01-16,23:00:00,false
No-Renovable,Motores diésel,2023-01-17T23:00:00.000Z,0.021431777961645998,6271.682,2023-01-17,23:00:00,false
No-Renovable,Motores diésel,2023-01-18T23:00:00.000Z,0.0188400077140779,5642.518,2023-01-18,23:00:00,false
No-Renovable,Motores diésel,2023-01-19T23:00:00.000Z,0.01573809227163863,5548.323,2023-01-19,23:00:00,false
No-Renovable,Motores diésel,2023-01-20T23:00:00.000Z,0.018173642093301766,5424.653,2023-01-20,23:00:00,false
No-Renovable,Motores diésel,2023-01-21T23:00:00.000Z,0.01814313903716274,5350.886,2023-01-21,23:00:00,false
No-Renovable,Motores diésel,2023-01-22T23:00:00.000Z,0.019690291171770728,6569.061,2023-01-22,23:00:00,false
No-Renovable,Motores diésel,2023-01-23T23:00:00.000Z,0.016207374438694588,6164.931,2023-01-23,23:00:00,false
No-Renovable,Motores diésel,2023-01-24T23:00:00.000Z,0.01736327423310218,6278.957,2023-01-24,23:00:00,false
No-Renovable,Motores diésel,2023-01-25T23:00:00.000Z,0.017484808726408133,5913.335,2023-01-25,23:00:00,false
No-Renovable,Motores diésel,2023-01-26T23:00:00.000Z,0.01979337638798141,6402.62,2023-01-26,23:00:00,false
No-Renovable,Motores diésel,2023-01-27T23:00:00.000Z,0.021163557497976434,6552.928,2023-01-27,23:00:00,false
No-Renovable,Motores diésel,2023-01-28T23:00:00.000Z,0.020776019034631846,6900.352,2023-01-28,23:00:00,false
No-Renovable,Motores diésel,2023-01-29T23:00:00.000Z,0.017273037477675238,7084.328,2023-01-29,23:00:00,false
No-Renovable,Motores diésel,2023-01-30T23:00:00.000Z,0.01777881721225559,7071.685,2023-01-30,23:00:00,false
No-Renovable,Turbina de gas,2022-12-31T23:00:00.000Z,0.0033600689137121965,919.561,2022-12-31,23:00:00,false
No-Renovable,Turbina de gas,2023-01-01T23:00:00.000Z,0.003999181389907122,1560.365,2023-01-01,23:00:00,false
No-Renovable,Turbina de gas,2023-01-02T23:00:00.000Z,0.0030369202985609687,1237.517,2023-01-02,23:00:00,false
No-Renovable,Turbina de gas,2023-01-03T23:00:00.000Z,0.0030670311367168644,1180.267,2023-01-03,23:00:00,false
No-Renovable,Turbina de gas,2023-01-04T23:00:00.000Z,0.002665377779591254,1078.054,2023-01-04,23:00:00,false
No-Renovable,Turbina de gas,2023-01-05T23:00:00.000Z,0.004235013429997535,1430.853,2023-01-05,23:00:00,false
No-Renovable,Turbina de gas,2023-01-06T23:00:00.000Z,0.0061505969038264385,1662.818,2023-01-06,23:00:00,false
No-Renovable,Turbina de gas,2023-01-07T23:00:00.000Z,0.007628383549078556,1779.652,2023-01-07,23:00:00,false
No-Renovable,Turbina de gas,2023-01-08T23:00:00.000Z,0.007225296020864033,2274.801,2023-01-08,23:00:00,false
No-Renovable,Turbina de gas,2023-01-09T23:00:00.000Z,0.0060884719882991385,2138.753,2023-01-09,23:00:00,false
No-Renovable,Turbina de gas,2023-01-10T23:00:00.000Z,0.005107990822042001,1842.368,2023-01-10,23:00:00,false
No-Renovable,Turbina de gas,2023-01-11T23:00:00.000Z,0.004981113203818676,1780.934,2023-01-11,23:00:00,false
No-Renovable,Turbina de gas,2023-01-12T23:00:00.000Z,0.00478593153749314,1743.219,2023-01-12,23:00:00,false
No-Renovable,Turbina de gas,2023-01-13T23:00:00.000Z,0.007183079713726669,2193.121,2023-01-13,23:00:00,false
No-Renovable,Turbina de gas,2023-01-14T23:00:00.000Z,0.0051069614143748636,1441.12,2023-01-14,23:00:00,false
No-Renovable,Turbina de gas,2023-01-15T23:00:00.000Z,0.009332063663604128,2637.349,2023-01-15,23:00:00,false
No-Renovable,Turbina de gas,2023-01-16T23:00:00.000Z,0.010451246928587472,2823.578,2023-01-16,23:00:00,false
No-Renovable,Turbina de gas,2023-01-17T23:00:00.000Z,0.010111838956735631,2959.075,2023-01-17,23:00:00,false
No-Renovable,Turbina de gas,2023-01-18T23:00:00.000Z,0.008961748216786436,2684.013,2023-01-18,23:00:00,false
No-Renovable,Turbina de gas,2023-01-19T23:00:00.000Z,0.008074342816853562,2846.537,2023-01-19,23:00:00,false
No-Renovable,Turbina de gas,2023-01-20T23:00:00.000Z,0.006604425828248,1971.356,2023-01-20,23:00:00,false
No-Renovable,Turbina de gas,2023-01-21T23:00:00.000Z,0.0062732553562511945,1850.147,2023-01-21,23:00:00,false
No-Renovable,Turbina de gas,2023-01-22T23:00:00.000Z,0.0070793717768575576,2361.815,2023-01-22,23:00:00,false
No-Renovable,Turbina de gas,2023-01-23T23:00:00.000Z,0.005081075327347247,1932.73,2023-01-23,23:00:00,false
No-Renovable,Turbina de gas,2023-01-24T23:00:00.000Z,0.004252720561850864,1537.881,2023-01-24,23:00:00,false
No-Renovable,Turbina de gas,2023-01-25T23:00:00.000Z,0.00456653794480269,1544.396,2023-01-25,23:00:00,false
No-Renovable,Turbina de gas,2023-01-26T23:00:00.000Z,0.007737251981759403,2502.791,2023-01-26,23:00:00,false
No-Renovable,Turbina de gas,2023-01-27T23:00:00.000Z,0.010920034440879012,3381.199,2023-01-27,23:00:00,false
No-Renovable,Turbina de gas,2023-01-28T23:00:00.000Z,0.006744214149772932,2239.96,2023-01-28,23:00:00,false
No-Renovable,Turbina de gas,2023-01-29T23:00:00.000Z,0.00827076618206885,3392.155,2023-01-29,23:00:00,false
No-Renovable,Turbina de gas,2023-01-30T23:00:00.000Z,0.008106448370341818,3224.413,2023-01-30,23:00:00,false
No-Renovable,Turbina de vapor,2022-12-31T23:00:00.000Z,0.01380777594139487,3778.819,2022-12-31,23:00:00,false
No-Renovable,Turbina de vapor,2023-01-01T23:00:00.000Z,0.012483005548697744,4870.508,2023-01-01,23:00:00,false
No-Renovable,Turbina de vapor,2023-01-02T23:00:00.000Z,0.009832588282925365,4006.689,2023-01-02,23:00:00,false
No-Renovable,Turbina de vapor,2023-01-03T23:00:00.000Z,0.010512789357714021,4045.573,2023-01-03,23:00:00,false
No-Renovable,Turbina de vapor,2023-01-04T23:00:00.000Z,0.010253941371200162,4147.368,2023-01-04,23:00:00,false
No-Renovable,Turbina de vapor,2023-01-05T23:00:00.000Z,0.010348174497862494,3496.262,2023-01-05,23:00:00,false
No-Renovable,Turbina de vapor,2023-01-06T23:00:00.000Z,0.014696275712221187,3973.148,2023-01-06,23:00:00,false
No-Renovable,Turbina de vapor,2023-01-07T23:00:00.000Z,0.015231549931868855,3553.421,2023-01-07,23:00:00,false
No-Renovable,Turbina de vapor,2023-01-08T23:00:00.000Z,0.012848430679289648,4045.18,2023-01-08,23:00:00,false
No-Renovable,Turbina de vapor,2023-01-09T23:00:00.000Z,0.0115014013792477,4040.202,2023-01-09,23:00:00,false
No-Renovable,Turbina de vapor,2023-01-10T23:00:00.000Z,0.009852006024057128,3553.456,2023-01-10,23:00:00,false
No-Renovable,Turbina de vapor,2023-01-11T23:00:00.000Z,0.00819119184212104,2928.657,2023-01-11,23:00:00,false
No-Renovable,Turbina de vapor,2023-01-12T23:00:00.000Z,0.008895552867787421,3240.1,2023-01-12,23:00:00,false
No-Renovable,Turbina de vapor,2023-01-13T23:00:00.000Z,0.013781709096916842,4207.799,2023-01-13,23:00:00,false
No-Renovable,Turbina de vapor,2023-01-14T23:00:00.000Z,0.011320322460359036,3194.452,2023-01-14,23:00:00,false
No-Renovable,Turbina de vapor,2023-01-15T23:00:00.000Z,0.012535966660457025,3542.809,2023-01-15,23:00:00,false
No-Renovable,Turbina de vapor,2023-01-16T23:00:00.000Z,0.015731499644638738,4250.126,2023-01-16,23:00:00,false
No-Renovable,Turbina de vapor,2023-01-17T23:00:00.000Z,0.013849355338251339,4052.802,2023-01-17,23:00:00,false
No-Renovable,Turbina de vapor,2023-01-18T23:00:00.000Z,0.011021921947681361,3301.028,2023-01-18,23:00:00,false
No-Renovable,Turbina de vapor,2023-01-19T23:00:00.000Z,0.009666061165958497,3407.683,2023-01-19,23:00:00,false
No-Renovable,Turbina de vapor,2023-01-20T23:00:00.000Z,0.010527748032844161,3142.429,2023-01-20,23:00:00,false
No-Renovable,Turbina de vapor,2023-01-21T23:00:00.000Z,0.010308469026797905,3040.237,2023-01-21,23:00:00,false
No-Renovable,Turbina de vapor,2023-01-22T23:00:00.000Z,0.011330283022122117,3780.001,2023-01-22,23:00:00,false
No-Renovable,Turbina de vapor,2023-01-23T23:00:00.000Z,0.010318729051791592,3925.019,2023-01-23,23:00:00,false
No-Renovable,Turbina de vapor,2023-01-24T23:00:00.000Z,0.009775684359274332,3535.111,2023-01-24,23:00:00,false
No-Renovable,Turbina de vapor,2023-01-25T23:00:00.000Z,0.008839298660510074,2989.437,2023-01-25,23:00:00,false
No-Renovable,Turbina de vapor,2023-01-26T23:00:00.000Z,0.010935742919128053,3537.416,2023-01-26,23:00:00,false
No-Renovable,Turbina de vapor,2023-01-27T23:00:00.000Z,0.013094866585468398,4054.598,2023-01-27,23:00:00,false
No-Renovable,Turbina de vapor,2023-01-28T23:00:00.000Z,0.013444231831972998,4465.241,2023-01-28,23:00:00,false
No-Renovable,Turbina de vapor,2023-01-29T23:00:00.000Z,0.013332760696721643,5468.271,2023-01-29,23:00:00,false
No-Renovable,Turbina de vapor,2023-01-30T23:00:00.000Z,0.011204137982789956,4456.547,2023-01-30,23:00:00,false
No-Renovable,Cogeneración,2022-12-31T23:00:00.000Z,0.07067065771307957,19340.669,2022-12-31,23:00:00,false
No-Renovable,Cogeneración,2023-01-01T23:00:00.000Z,0.0858159613638939,33482.908,2023-01-01,23:00:00,false
No-Renovable,Cogeneración,2023-01-02T23:00:00.000Z,0.11284413058354084,45982.942,2023-01-02,23:00:00,false
No-Renovable,Cogeneración,2023-01-03T23:00:00.000Z,0.12564812171325995,48352.405,2023-01-03,23:00:00,false
No-Renovable,Cogeneración,2023-01-04T23:00:00.000Z,0.1196208505090412,48382.536,2023-01-04,23:00:00,false
No-Renovable,Cogeneración,2023-01-05T23:00:00.000Z,0.13049973914994334,44090.992,2023-01-05,23:00:00,false
No-Renovable,Cogeneración,2023-01-06T23:00:00.000Z,0.11284467276206614,30507.633,2023-01-06,23:00:00,false
No-Renovable,Cogeneración,2023-01-07T23:00:00.000Z,0.12433805420718584,29007.255,2023-01-07,23:00:00,false
No-Renovable,Cogeneración,2023-01-08T23:00:00.000Z,0.1388290724973395,43708.73,2023-01-08,23:00:00,false
No-Renovable,Cogeneración,2023-01-09T23:00:00.000Z,0.14312119072757887,50275.484,2023-01-09,23:00:00,false
No-Renovable,Cogeneración,2023-01-10T23:00:00.000Z,0.13118525298988692,47316.356,2023-01-10,23:00:00,false
No-Renovable,Cogeneración,2023-01-11T23:00:00.000Z,0.13948481583379874,49871.031,2023-01-11,23:00:00,false
No-Renovable,Cogeneración,2023-01-12T23:00:00.000Z,0.13021677684825583,47429.922,2023-01-12,23:00:00,false
No-Renovable,Cogeneración,2023-01-13T23:00:00.000Z,0.11301181010180553,34504.5,2023-01-13,23:00:00,false
No-Renovable,Cogeneración,2023-01-14T23:00:00.000Z,0.10949805166331898,30898.967,2023-01-14,23:00:00,false
No-Renovable,Cogeneración,2023-01-15T23:00:00.000Z,0.1093072548759308,30891.493,2023-01-15,23:00:00,false
No-Renovable,Cogeneración,2023-01-16T23:00:00.000Z,0.10689913353450267,28880.577,2023-01-16,23:00:00,false
No-Renovable,Cogeneración,2023-01-17T23:00:00.000Z,0.10391049176450379,30407.816,2023-01-17,23:00:00,false
No-Renovable,Cogeneración,2023-01-18T23:00:00.000Z,0.10519469476491011,31505.452,2023-01-18,23:00:00,false
No-Renovable,Cogeneración,2023-01-19T23:00:00.000Z,0.11970943346709362,42202.485,2023-01-19,23:00:00,false
No-Renovable,Cogeneración,2023-01-20T23:00:00.000Z,0.12233497835639576,36515.785,2023-01-20,23:00:00,false
No-Renovable,Cogeneración,2023-01-21T23:00:00.000Z,0.10531158000907226,31059.138,2023-01-21,23:00:00,false
No-Renovable,Cogeneración,2023-01-22T23:00:00.000Z,0.11290124073520307,37666.032,2023-01-22,23:00:00,false
No-Renovable,Cogeneración,2023-01-23T23:00:00.000Z,0.110510739689753,42035.87,2023-01-23,23:00:00,false
No-Renovable,Cogeneración,2023-01-24T23:00:00.000Z,0.1221067224740889,44156.583,2023-01-24,23:00:00,false
No-Renovable,Cogeneración,2023-01-25T23:00:00.000Z,0.12628768557470393,42710.298,2023-01-25,23:00:00,false
No-Renovable,Cogeneración,2023-01-26T23:00:00.000Z,0.11254956410848029,36406.729,2023-01-26,23:00:00,false
No-Renovable,Cogeneración,2023-01-27T23:00:00.000Z,0.10869761315838573,33656.328,2023-01-27,23:00:00,false
No-Renovable,Cogeneración,2023-01-28T23:00:00.000Z,0.10791266830998804,35841.101,2023-01-28,23:00:00,false
No-Renovable,Cogeneración,2023-01-29T23:00:00.000Z,0.1202273363447275,49309.792,2023-01-29,23:00:00,false
No-Renovable,Cogeneración,2023-01-30T23:00:00.000Z,0.1354129928290125,53861.74,2023-01-30,23:00:00,false
No-Renovable,Residuos no renovables,2022-12-31T23:00:00.000Z,0.012126343832442288,3318.656,2022-12-31,23:00:00,false
No-Renovable,Residuos no renovables,2023-01-01T23:00:00.000Z,0.008549386421174436,3335.7235,2023-01-01,23:00:00,false
No-Renovable,Residuos no renovables,2023-01-02T23:00:00.000Z,0.010002265744554662,4075.831,2023-01-02,23:00:00,false
No-Renovable,Residuos no renovables,2023-01-03T23:00:00.000Z,0.010400078074145171,4002.199,2023-01-03,23:00:00,false
No-Renovable,Residuos no renovables,2023-01-04T23:00:00.000Z,0.009887627281283598,3999.2065,2023-01-04,23:00:00,false
No-Renovable,Residuos no renovables,2023-01-05T23:00:00.000Z,0.011608334383587429,3922.023,2023-01-05,23:00:00,false
No-Renovable,Residuos no renovables,2023-01-06T23:00:00.000Z,0.013832123982410979,3739.524,2023-01-06,23:00:00,false
No-Renovable,Residuos no renovables,2023-01-07T23:00:00.000Z,0.015782246892895122,3681.895,2023-01-07,23:00:00,false
No-Renovable,Residuos no renovables,2023-01-08T23:00:00.000Z,0.01200141215280408,3778.506,2023-01-08,23:00:00,false
No-Renovable,Residuos no renovables,2023-01-09T23:00:00.000Z,0.011017226554007987,3870.1215,2023-01-09,23:00:00,false
No-Renovable,Residuos no renovables,2023-01-10T23:00:00.000Z,0.010941308699765758,3946.3495,2023-01-10,23:00:00,false
No-Renovable,Residuos no renovables,2023-01-11T23:00:00.000Z,0.010732470417978458,3837.259,2023-01-11,23:00:00,false
No-Renovable,Residuos no renovables,2023-01-12T23:00:00.000Z,0.010428084404435236,3798.3065,2023-01-12,23:00:00,false
No-Renovable,Residuos no renovables,2023-01-13T23:00:00.000Z,0.012299310343664297,3755.1965,2023-01-13,23:00:00,false
No-Renovable,Residuos no renovables,2023-01-14T23:00:00.000Z,0.012465246140996646,3517.535,2023-01-14,23:00:00,false
No-Renovable,Residuos no renovables,2023-01-15T23:00:00.000Z,0.01160513599315796,3279.7455,2023-01-15,23:00:00,false
No-Renovable,Residuos no renovables,2023-01-16T23:00:00.000Z,0.010956348198233799,2960.0395,2023-01-16,23:00:00,false
No-Renovable,Residuos no renovables,2023-01-17T23:00:00.000Z,0.009955623718504693,2913.361,2023-01-17,23:00:00,false
No-Renovable,Residuos no renovables,2023-01-18T23:00:00.000Z,0.009953393909549616,2981.0075,2023-01-18,23:00:00,false
No-Renovable,Residuos no renovables,2023-01-19T23:00:00.000Z,0.009551020650254073,3367.1265,2023-01-19,23:00:00,false
No-Renovable,Residuos no renovables,2023-01-20T23:00:00.000Z,0.0111164525679988,3318.1515,2023-01-20,23:00:00,false
No-Renovable,Residuos no renovables,2023-01-21T23:00:00.000Z,0.009579242385369828,2825.169,2023-01-21,23:00:00,false
No-Renovable,Residuos no renovables,2023-01-22T23:00:00.000Z,0.007409205820147835,2471.854,2023-01-22,23:00:00,false
No-Renovable,Residuos no renovables,2023-01-23T23:00:00.000Z,0.006982550247396117,2656.0095,2023-01-23,23:00:00,false
No-Renovable,Residuos no renovables,2023-01-24T23:00:00.000Z,0.007576101385723626,2739.6915,2023-01-24,23:00:00,false
No-Renovable,Residuos no renovables,2023-01-25T23:00:00.000Z,0.007366672107456628,2491.397,2023-01-25,23:00:00,false
No-Renovable,Residuos no renovables,2023-01-26T23:00:00.000Z,0.008130220039034401,2629.9055,2023-01-26,23:00:00,false
No-Renovable,Residuos no renovables,2023-01-27T23:00:00.000Z,0.007797516328636699,2414.3655,2023-01-27,23:00:00,false
No-Renovable,Residuos no renovables,2023-01-28T23:00:00.000Z,0.008179489842634682,2716.659,2023-01-28,23:00:00,false
No-Renovable,Residuos no renovables,2023-01-29T23:00:00.000Z,0.007897897726674466,3239.2275,2023-01-29,23:00:00,false
No-Renovable,Residuos no renovables,2023-01-30T23:00:00.000Z,0.009608797688499966,3821.986,2023-01-30,23:00:00,false
No-Renovable,Generación no renovable,2022-12-31T23:00:00.000Z,1.0,273673.25600000005,2022-12-31,23:00:00,false
No-Renovable,Generación no renovable,2023-01-01T23:00:00.000Z,1.0,390171.0995,2023-01-01,23:00:00,false
No-Renovable,Generación no renovable,2023-01-02T23:00:00.000Z,1.0,407490.77300000004,2023-01-02,23:00:00,false
No-Renovable,Generación no renovable,2023-01-03T23:00:00.000Z,1.0,384823.93799999997,2023-01-03,23:00:00,false
No-Renovable,Generación no renovable,2023-01-04T23:00:00.000Z,1.0,404465.7415,2023-01-04,23:00:00,false
No-Renovable,Generación no renovable,2023-01-05T23:00:00.000Z,1.0,337862.683,2023-01-05,23:00:00,false
No-Renovable,Generación no renovable,2023-01-06T23:00:00.000Z,1.0,270350.671,2023-01-06,23:00:00,false
No-Renovable,Generación no renovable,2023-01-07T23:00:00.000Z,1.0,233293.46100000004,2023-01-07,23:00:00,false
No-Renovable,Generación no renovable,2023-01-08T23:00:00.000Z,1.0,314838.45,2023-01-08,23:00:00,false
No-Renovable,Generación no renovable,2023-01-09T23:00:00.000Z,1.0,351279.10650000005,2023-01-09,23:00:00,false
No-Renovable,Generación no renovable,2023-01-10T23:00:00.000Z,1.0,360683.4985,2023-01-10,23:00:00,false
No-Renovable,Generación no renovable,2023-01-11T23:00:00.000Z,1.0,357537.34700000007,2023-01-11,23:00:00,false
No-Renovable,Generación no renovable,2023-01-12T23:00:00.000Z,1.0,364238.18149999995,2023-01-12,23:00:00,false
No-Renovable,Generación no renovable,2023-01-13T23:00:00.000Z,1.0,305317.6475,2023-01-13,23:00:00,false
No-Renovable,Generación no renovable,2023-01-14T23:00:00.000Z,1.0,282187.36799999996,2023-01-14,23:00:00,false
No-Renovable,Generación no renovable,2023-01-15T23:00:00.000Z,1.0,282611.5525,2023-01-15,23:00:00,false
No-Renovable,Generación no renovable,2023-01-16T23:00:00.000Z,1.0,270166.61449999997,2023-01-16,23:00:00,false
No-Renovable,Generación no renovable,2023-01-17T23:00:00.000Z,1.0,292634.70399999997,2023-01-17,23:00:00,false
No-Renovable,Generación no renovable,2023-01-18T23:00:00.000Z,1.0,299496.58650000003,2023-01-18,23:00:00,false
No-Renovable,Generación no renovable,2023-01-19T23:00:00.000Z,1.0,352541.0135,2023-01-19,23:00:00,false
No-Renovable,Generación no renovable,2023-01-20T23:00:00.000Z,1.0,298490.14149999997,2023-01-20,23:00:00,false
No-Renovable,Generación no renovable,2023-01-21T23:00:00.000Z,1.0,294926.14199999993,2023-01-21,23:00:00,false
No-Renovable,Generación no renovable,2023-01-22T23:00:00.000Z,1.0,333619.29199999996,2023-01-22,23:00:00,false
No-Renovable,Generación no renovable,2023-01-23T23:00:00.000Z,1.0,380378.1434999999,2023-01-23,23:00:00,false
No-Renovable,Generación no renovable,2023-01-24T23:00:00.000Z,1.0,361622.8665,2023-01-24,23:00:00,false
No-Renovable,Generación no renovable,2023-01-25T23:00:00.000Z,1.0,338198.438,2023-01-25,23:00:00,false
No-Renovable,Generación no renovable,2023-01-26T23:00:00.000Z,1.0,323472.85650000005,2023-01-26,23:00:00,false
No-Renovable,Generación no renovable,2023-01-27T23:00:00.000Z,1.0,309632.6315,2023-01-27,23:00:00,false
No-Renovable,Generación no renovable,2023-01-28T23:00:00.000Z,1.0,332130.616,2023-01-28,23:00:00,false
No-Renovable,Generación no renovable,2023-01-29T23:00:00.000Z,1.0,410137.93950000004,2023-01-29,23:00:00,false
No-Renovable,Generación no renovable,2023-01-30T23:00:00.000Z,1.0,397759.02499999997,2023-01-30,23:00:00,false
Demanda,Consumos en bombeo,2022-12-31T23:00:00.000Z,0.10341328492996944,-65428.656,2022-12-31,23:00:00,false
Demanda,Consumos en bombeo,2023-01-01T23:00:00.000Z,0.02575302351895337,-18491.658,2023-01-01,23:00:00,false
Demanda,Consumos en bombeo,2023-01-02T23:00:00.000Z,0.01879230796343154,-13851.33,2023-01-02,23:00:00,false
Demanda,Consumos en bombeo,2023-01-03T23:00:00.000Z,0.02028370470689598,-14477.742,2023-01-03,23:00:00,false
Demanda,Consumos en bombeo,2023-01-04T23:00:00.000Z,0.015284134348273557,-10517.696,2023-01-04,23:00:00,false
Demanda,Consumos en bombeo,2023-01-05T23:00:00.000Z,0.017190231958637815,-11717.905,2023-01-05,23:00:00,false
Demanda,Consumos en bombeo,2023-01-06T23:00:00.000Z,0.0685838829367327,-53236.298,2023-01-06,23:00:00,false
Demanda,Consumos en bombeo,2023-01-07T23:00:00.000Z,0.08478210173573832,-70012.024,2023-01-07,23:00:00,false
Demanda,Consumos en bombeo,2023-01-08T23:00:00.000Z,0.03956089188812781,-34322.266,2023-01-08,23:00:00,false
Demanda,Consumos en bombeo,2023-01-09T23:00:00.000Z,0.02068868827489612,-16999.828,2023-01-09,23:00:00,false
Demanda,Consumos en bombeo,2023-01-10T23:00:00.000Z,0.03652143206460851,-28944.257,2023-01-10,23:00:00,false
Demanda,Consumos en bombeo,2023-01-11T23:00:00.000Z,0.022665078458316966,-17529.262,2023-01-11,23:00:00,false
Demanda,Consumos en bombeo,2023-01-12T23:00:00.000Z,0.03068708744840434,-23980.066,2023-01-12,23:00:00,false
Demanda,Consumos en bombeo,2023-01-13T23:00:00.000Z,0.025477832432990996,-18967.368,2023-01-13,23:00:00,false
Demanda,Consumos en bombeo,2023-01-14T23:00:00.000Z,0.08072632692743273,-65262.216,2023-01-14,23:00:00,false
Demanda,Consumos en bombeo,2023-01-15T23:00:00.000Z,0.04417510161217804,-39731.872,2023-01-15,23:00:00,false
Demanda,Consumos en bombeo,2023-01-16T23:00:00.000Z,0.05268259343544268,-44867.713,2023-01-16,23:00:00,false
Demanda,Consumos en bombeo,2023-01-17T23:00:00.000Z,0.04448589711488236,-38682.506,2023-01-17,23:00:00,false
Demanda,Consumos en bombeo,2023-01-18T23:00:00.000Z,0.026864282072448554,-24793.667,2023-01-18,23:00:00,false
Demanda,Consumos en bombeo,2023-01-19T23:00:00.000Z,0.03582895447167383,-31982.941,2023-01-19,23:00:00,false
Demanda,Consumos en bombeo,2023-01-20T23:00:00.000Z,0.052545199705106044,-44068.598,2023-01-20,23:00:00,false
Demanda,Consumos en bombeo,2023-01-21T23:00:00.000Z,0.05497543731433817,-50925.156,2023-01-21,23:00:00,false
Demanda,Consumos en bombeo,2023-01-22T23:00:00.000Z,0.0316145391305581,-30318.46,2023-01-22,23:00:00,false
Demanda,Consumos en bombeo,2023-01-23T23:00:00.000Z,0.01855947271446842,-16598.364,2023-01-23,23:00:00,false
Demanda,Consumos en bombeo,2023-01-24T23:00:00.000Z,0.012092154014848207,-10627.832,2023-01-24,23:00:00,false
Demanda,Consumos en bombeo,2023-01-25T23:00:00.000Z,0.01634468869690571,-15659.086,2023-01-25,23:00:00,false
Demanda,Consumos en bombeo,2023-01-26T23:00:00.000Z,0.03377725865408004,-33934.68,2023-01-26,23:00:00,false
Demanda,Consumos en bombeo,2023-01-27T23:00:00.000Z,0.039241057191157225,-36779.546,2023-01-27,23:00:00,false
Demanda,Consumos en bombeo,2023-01-28T23:00:00.000Z,0.049598928978050294,-43149.128,2023-01-28,23:00:00,false
Demanda,Consumos en bombeo,2023-01-29T23:00:00.000Z,0.013717272687902689,-11774.031,2023-01-29,23:00:00,false
Demanda,Consumos en bombeo,2023-01-30T23:00:00.000Z,0.011893004130645871,-11013.961,2023-01-30,23:00:00,false
Demanda,Saldo I. internacionales,2022-12-31T23:00:00.000Z,0.019202096679694736,12148.994,2022-12-31,23:00:00,false
Demanda,Saldo I. internacionales,2023-01-01T23:00:00.000Z,0.04410406614365559,-31668.41,2023-01-01,23:00:00,false
Demanda,Saldo I. internacionales,2023-01-02T23:00:00.000Z,0.02486108028108048,-18324.467,2023-01-02,23:00:00,false
Demanda,Saldo I. internacionales,2023-01-03T23:00:00.000Z,0.0433458655415095,30938.641,2023-01-03,23:00:00,false
Demanda,Saldo I. internacionales,2023-01-04T23:00:00.000Z,0.010581090040718572,7281.321,2023-01-04,23:00:00,false
Demanda,Saldo I. internacionales,2023-01-05T23:00:00.000Z,0.06081739631778198,-41456.827,2023-01-05,23:00:00,false
Demanda,Saldo I. internacionales,2023-01-06T23:00:00.000Z,0.03170061349109648,-24606.704,2023-01-06,23:00:00,false
Demanda,Saldo I. internacionales,2023-01-07T23:00:00.000Z,0.04699643383560099,-38809.081,2023-01-07,23:00:00,false
Demanda,Saldo I. internacionales,2023-01-08T23:00:00.000Z,0.058710807433793366,-50936.363,2023-01-08,23:00:00,false
Demanda,Saldo I. internacionales,2023-01-09T23:00:00.000Z,0.03725503459881016,-30612.341,2023-01-09,23:00:00,false
Demanda,Saldo I. internacionales,2023-01-10T23:00:00.000Z,0.0018922410646581257,1499.654,2023-01-10,23:00:00,false
Demanda,Saldo I. internacionales,2023-01-11T23:00:00.000Z,0.008382630715304628,6483.16,2023-01-11,23:00:00,false
Demanda,Saldo I. internacionales,2023-01-12T23:00:00.000Z,0.0029950476526286753,2340.445,2023-01-12,23:00:00,false
Demanda,Saldo I. internacionales,2023-01-13T23:00:00.000Z,0.032620305513165006,-24284.693,2023-01-13,23:00:00,false
Demanda,Saldo I. internacionales,2023-01-14T23:00:00.000Z,0.041292631356759264,-33382.525,2023-01-14,23:00:00,false
Demanda,Saldo I. internacionales,2023-01-15T23:00:00.000Z,0.03874967964831791,-34852.151,2023-01-15,23:00:00,false
Demanda,Saldo I. internacionales,2023-01-16T23:00:00.000Z,0.004678890722974037,-3984.829,2023-01-16,23:00:00,false
Demanda,Saldo I. internacionales,2023-01-17T23:00:00.000Z,0.00936500066914852,-8143.293,2023-01-17,23:00:00,false
Demanda,Saldo I. internacionales,2023-01-18T23:00:00.000Z,0.04778755683115573,-44104.241,2023-01-18,23:00:00,false
Demanda,Saldo I. internacionales,2023-01-19T23:00:00.000Z,0.04220616277212207,-37675.596,2023-01-19,23:00:00,false
Demanda,Saldo I. internacionales,2023-01-20T23:00:00.000Z,0.04656912402975129,-39056.584,2023-01-20,23:00:00,false
Demanda,Saldo I. internacionales,2023-01-21T23:00:00.000Z,0.09691740696637259,-89777.077,2023-01-21,23:00:00,false
Demanda,Saldo I. internacionales,2023-01-22T23:00:00.000Z,0.06090727282908294,-58410.3,2023-01-22,23:00:00,false
Demanda,Saldo I. internacionales,2023-01-23T23:00:00.000Z,0.022408741242572253,-20040.895,2023-01-23,23:00:00,false
Demanda,Saldo I. internacionales,2023-01-24T23:00:00.000Z,0.026554416783740906,-23338.76,2023-01-24,23:00:00,false
Demanda,Saldo I. internacionales,2023-01-25T23:00:00.000Z,0.059505702733275476,-57009.646,2023-01-25,23:00:00,false
Demanda,Saldo I. internacionales,2023-01-26T23:00:00.000Z,0.06718542747788853,-67498.55,2023-01-26,23:00:00,false
Demanda,Saldo I. internacionales,2023-01-27T23:00:00.000Z,0.07977022385262707,-74766.401,2023-01-27,23:00:00,false
Demanda,Saldo I. internacionales,2023-01-28T23:00:00.000Z,0.06450610959769568,-56117.792,2023-01-28,23:00:00,false
Demanda,Saldo I. internacionales,2023-01-29T23:00:00.000Z,0.025610166892330394,-21982.132,2023-01-29,23:00:00,false
Demanda,Saldo I. internacionales,2023-01-30T23:00:00.000Z,0.056761144040515306,-52565.779,2023-01-30,23:00:00,false
Demanda,Demanda en b.c.,2022-12-31T23:00:00.000Z,1.0,501833.701,2022-12-31,23:00:00,false
Demanda,Demanda en b.c.,2023-01-01T23:00:00.000Z,1.0,617718.194,2023-01-01,23:00:00,false
Demanda,Demanda en b.c.,2023-01-02T23:00:00.000Z,1.0,672722.853,2023-01-02,23:00:00,false
Demanda,Demanda en b.c.,2023-01-03T23:00:00.000Z,1.0,684806.731,2023-01-03,23:00:00,false
Demanda,Demanda en b.c.,2023-01-04T23:00:00.000Z,1.0,667109.305,2023-01-04,23:00:00,false
Demanda,Demanda en b.c.,2023-01-05T23:00:00.000Z,1.0,575311.204,2023-01-05,23:00:00,false
Demanda,Demanda en b.c.,2023-01-06T23:00:00.000Z,1.0,620535.693,2023-01-06,23:00:00,false
Demanda,Demanda en b.c.,2023-01-07T23:00:00.000Z,1.0,608145.5750000001,2023-01-07,23:00:00,false
Demanda,Demanda en b.c.,2023-01-08T23:00:00.000Z,1.0,697063.435,2023-01-08,23:00:00,false
Demanda,Demanda en b.c.,2023-01-09T23:00:00.000Z,1.0,726472.416,2023-01-09,23:00:00,false
Demanda,Demanda en b.c.,2023-01-10T23:00:00.000Z,1.0,734639.472,2023-01-10,23:00:00,false
Demanda,Demanda en b.c.,2023-01-11T23:00:00.000Z,1.0,738345.461,2023-01-11,23:00:00,false
Demanda,Demanda en b.c.,2023-01-12T23:00:00.000Z,1.0,733478.186,2023-01-12,23:00:00,false
Demanda,Demanda en b.c.,2023-01-13T23:00:00.000Z,1.0,657961.407,2023-01-13,23:00:00,false
Demanda,Demanda en b.c.,2023-01-14T23:00:00.000Z,1.0,611148.341,2023-01-14,23:00:00,false
Demanda,Demanda en b.c.,2023-01-15T23:00:00.000Z,1.0,750249.738,2023-01-15,23:00:00,false
Demanda,Demanda en b.c.,2023-01-16T23:00:00.000Z,1.0,753955.969,2023-01-16,23:00:00,false
Demanda,Demanda en b.c.,2023-01-17T23:00:00.000Z,1.0,775893.775,2023-01-17,23:00:00,false
Demanda,Demanda en b.c.,2023-01-18T23:00:00.000Z,1.0,785127.3030000001,2023-01-18,23:00:00,false
Demanda,Demanda en b.c.,2023-01-19T23:00:00.000Z,1.0,753339.2,2023-01-19,23:00:00,false
Demanda,Demanda en b.c.,2023-01-20T23:00:00.000Z,1.0,672429.444,2023-01-20,23:00:00,false
Demanda,Demanda en b.c.,2023-01-21T23:00:00.000Z,1.0,644921.153,2023-01-21,23:00:00,false
Demanda,Demanda en b.c.,2023-01-22T23:00:00.000Z,1.0,781546.1799999999,2023-01-22,23:00:00,false
Demanda,Demanda en b.c.,2023-01-23T23:00:00.000Z,1.0,821055.295,2023-01-23,23:00:00,false
Demanda,Demanda en b.c.,2023-01-24T23:00:00.000Z,1.0,810969.9450000001,2023-01-24,23:00:00,false
Demanda,Demanda en b.c.,2023-01-25T23:00:00.000Z,1.0,812716.023,2023-01-25,23:00:00,false
Demanda,Demanda en b.c.,2023-01-26T23:00:00.000Z,1.0,801794.112,2023-01-26,23:00:00,false
Demanda,Demanda en b.c.,2023-01-27T23:00:00.000Z,1.0,714180.1529999999,2023-01-27,23:00:00,false
Demanda,Demanda en b.c.,2023-01-28T23:00:00.000Z,1.0,671427.042,2023-01-28,23:00:00,false
Demanda,Demanda en b.c.,2023-01-29T23:00:00.000Z,1.0,790823.8219999999,2023-01-29,23:00:00,false
Demanda,Demanda en b.c.,2023-01-30T23:00:00.000Z,1.0,798927.897,2023-01-30,23:00:00,false
