Fecha,Valor_PVPC,Porcentaje_PVPC,Valor_Mercado_Spot,Porcentaje_Mercado_Spot
2022-12-22T22:00:00.000Z,101.92,0.7032845707976814,43.0,0.29671542920231847
2022-12-22T23:00:00.000Z,42.01,0.829253849190683,8.65,0.17074615080931704
2022-12-23T00:00:00.000Z,38.24,0.9023124115148655,4.14,0.09768758848513448
2022-12-23T01:00:00.000Z,40.0,0.9066183136899366,4.12,0.09338168631006347
2022-12-23T02:00:00.000Z,41.47,0.9096293046720773,4.12,0.0903706953279228
2022-12-23T03:00:00.000Z,40.88,0.9084444444444445,4.12,0.09155555555555556
2022-12-23T04:00:00.000Z,40.18,0.906997742663657,4.12,0.09300225733634312
2022-12-23T05:00:00.000Z,42.97,0.9121205688813415,4.14,0.08787943111865845
2022-12-23T06:00:00.000Z,47.74,0.7489802321932852,16.0,0.25101976780671476
2022-12-23T07:00:00.000Z,80.38,0.7545292405895052,26.15,0.24547075941049468
2022-12-23T08:00:00.000Z,77.35,0.7557401074743527,25.0,0.2442598925256473
2022-12-23T09:00:00.000Z,111.7,0.874706342991386,16.0,0.12529365700861395
2022-12-23T10:00:00.000Z,113.33,0.8831138471129121,15.0,0.116886152887088
2022-12-23T11:00:00.000Z,108.2,0.9088618227635448,10.85,0.09113817723645527
2022-12-23T12:00:00.000Z,109.65,0.9050763516302105,11.5,0.09492364836978952
2022-12-23T13:00:00.000Z,61.11,0.8492217898832686,10.85,0.15077821011673154
2022-12-23T14:00:00.000Z,66.39,0.8157021747143384,15.0,0.18429782528566163
2022-12-23T15:00:00.000Z,61.93,0.8526779567671762,10.7,0.1473220432328239
2022-12-23T16:00:00.000Z,86.81,0.7431726735724681,30.0,0.25682732642753187
2022-12-23T17:00:00.000Z,166.73,0.7353680589247122,60.0,0.2646319410752878
2022-12-23T18:00:00.000Z,172.7,0.7265155020823693,65.01,0.2734844979176308
2022-12-23T19:00:00.000Z,176.66,0.7223585214262348,67.9,0.27764147857376514
2022-12-23T20:00:00.000Z,166.82,0.7354730623401816,60.0,0.2645269376598184
2022-12-23T21:00:00.000Z,101.25,0.702832153269471,42.81,0.297167846730529
2022-12-23T22:00:00.000Z,76.17,0.792034938130394,20.0,0.2079650618696059
2022-12-23T23:00:00.000Z,95.83,0.6639645257396245,48.5,0.33603547426037556
2022-12-24T00:00:00.000Z,72.93,0.7634251020621795,22.6,0.2365748979378206
2022-12-24T01:00:00.000Z,73.83,0.7826778331389802,20.5,0.21732216686101982
2022-12-24T02:00:00.000Z,76.55,0.7903975219411461,20.3,0.20960247805885393
2022-12-24T03:00:00.000Z,76.99,0.7905329089228874,20.4,0.20946709107711264
2022-12-24T04:00:00.000Z,78.56,0.793856103476152,20.4,0.20614389652384799
2022-12-24T05:00:00.000Z,77.76,0.7763578274760384,22.4,0.22364217252396165
2022-12-24T06:00:00.000Z,73.63,0.7620575450217346,22.99,0.23794245497826538
2022-12-24T07:00:00.000Z,96.11,0.6646151718415046,48.5,0.33538482815849524
2022-12-24T08:00:00.000Z,89.9,0.6415929203539823,50.22,0.3584070796460177
2022-12-24T09:00:00.000Z,84.27,0.6473344599784913,45.91,0.35266554002150863
2022-12-24T10:00:00.000Z,62.07,0.7048603225073813,25.99,0.29513967749261866
2022-12-24T11:00:00.000Z,59.17,0.7236150177326647,22.6,0.2763849822673352
2022-12-24T12:00:00.000Z,58.56,0.7289021657953697,21.78,0.27109783420463035
2022-12-24T13:00:00.000Z,57.09,0.7320169252468265,20.9,0.26798307475317346
2022-12-24T14:00:00.000Z,58.5,0.7358490566037735,21.0,0.2641509433962264
2022-12-24T15:00:00.000Z,78.84,0.6634129922584988,40.0,0.3365870077415012
2022-12-24T16:00:00.000Z,91.55,0.6255979226458931,54.79,0.37440207735410685
2022-12-24T17:00:00.000Z,152.79,0.5893084429359355,106.48,0.4106915570640645
2022-12-24T18:00:00.000Z,106.32,0.5992560027054447,71.1,0.4007439972945553
2022-12-24T19:00:00.000Z,92.32,0.6113502417058473,58.69,0.3886497582941527
2022-12-24T20:00:00.000Z,78.4,0.6353322528363047,45.0,0.36466774716369527
2022-12-24T21:00:00.000Z,57.04,0.7162230035158211,22.6,0.2837769964841788
2022-12-24T22:00:00.000Z,55.37,0.73366900755267,20.1,0.2663309924473301
2022-12-24T23:00:00.000Z,46.11,0.917794585987261,4.13,0.08220541401273884
2022-12-25T00:00:00.000Z,47.52,0.9203951191167926,4.11,0.07960488088320744
2022-12-25T01:00:00.000Z,49.2,0.9229037703995498,4.11,0.0770962296004502
2022-12-25T02:00:00.000Z,53.38,0.928509305966255,4.11,0.071490694033745
2022-12-25T03:00:00.000Z,55.57,0.9652596838631231,2.0,0.03474031613687684
2022-12-25T04:00:00.000Z,55.39,0.9744897959183673,1.45,0.02551020408163265
2022-12-25T05:00:00.000Z,54.55,0.9741071428571428,1.45,0.02589285714285714
2022-12-25T06:00:00.000Z,51.17,0.9256512301013025,4.11,0.07434876989869754
2022-12-25T07:00:00.000Z,48.71,0.9221885649375237,4.11,0.07781143506247634
2022-12-25T08:00:00.000Z,52.75,0.9290243043325114,4.03,0.07097569566748856
2022-12-25T09:00:00.000Z,45.59,0.957974364362261,2.0,0.04202563563773902
2022-12-25T10:00:00.000Z,42.33,0.9130716134598792,4.03,0.0869283865401208
2022-12-25T11:00:00.000Z,42.62,0.9120479349454312,4.11,0.08795206505456882
2022-12-25T12:00:00.000Z,43.04,0.9128313891834571,4.11,0.08716861081654295
2022-12-25T13:00:00.000Z,43.77,0.9141604010025063,4.11,0.08583959899749373
2022-12-25T14:00:00.000Z,47.6,0.9205182749951654,4.11,0.07948172500483466
2022-12-25T15:00:00.000Z,47.91,0.9208149144724198,4.12,0.07918508552758026
2022-12-25T16:00:00.000Z,63.91,0.7379055536312203,22.7,0.2620944463687796
2022-12-25T17:00:00.000Z,82.66,0.6738953203978477,40.0,0.3261046796021523
2022-12-25T18:00:00.000Z,83.18,0.6427136454952866,46.24,0.3572863545047133
2022-12-25T19:00:00.000Z,87.16,0.634814275309541,50.14,0.36518572469045885
2022-12-25T20:00:00.000Z,87.76,0.635849876829445,50.26,0.36415012317055495
2022-12-25T21:00:00.000Z,89.2,0.6400229604649494,50.17,0.35997703953505056
2022-12-25T22:00:00.000Z,88.04,0.6562313655336912,46.12,0.3437686344663089
2022-12-25T23:00:00.000Z,112.08,0.690232787289075,50.3,0.309767212710925
2022-12-26T00:00:00.000Z,106.48,0.7422277986895301,36.98,0.2577722013104698
2022-12-26T01:00:00.000Z,105.35,0.7772039837698267,30.2,0.2227960162301734
2022-12-26T02:00:00.000Z,102.9,0.810236220472441,24.1,0.18976377952755907
2022-12-26T03:00:00.000Z,103.54,0.8110606297979006,24.12,0.1889393702020993
2022-12-26T04:00:00.000Z,108.17,0.7829895041621425,29.98,0.2170104958378574
2022-12-26T05:00:00.000Z,102.32,0.7583753335309813,32.6,0.2416246664690187
2022-12-26T06:00:00.000Z,102.48,0.7182002943443829,40.21,0.28179970565561707
2022-12-26T07:00:00.000Z,130.06,0.7380547043468392,46.16,0.2619452956531608
2022-12-26T08:00:00.000Z,128.2,0.7052869010287727,53.57,0.2947130989712274
2022-12-26T09:00:00.000Z,179.94,0.7521317505433873,59.3,0.2478682494566126
2022-12-26T10:00:00.000Z,177.92,0.7509707918284653,59.0,0.2490292081715347
2022-12-26T11:00:00.000Z,173.55,0.7596848325673013,54.9,0.2403151674326986
2022-12-26T12:00:00.000Z,173.53,0.7587005946135013,55.19,0.24129940538649877
2022-12-26T13:00:00.000Z,129.84,0.6890256845680323,58.6,0.31097431543196774
2022-12-26T14:00:00.000Z,134.41,0.6886110968799631,60.78,0.3113889031200369
2022-12-26T15:00:00.000Z,157.34,0.6629308165500969,80.0,0.3370691834499031
2022-12-26T16:00:00.000Z,206.07,0.6205619297136146,126.0,0.37943807028638543
2022-12-26T17:00:00.000Z,305.36,0.6463055855398226,167.11,0.35369441446017735
2022-12-26T18:00:00.000Z,330.96,0.6361923801468609,189.26,0.36380761985313903
2022-12-26T19:00:00.000Z,282.4,0.6530989824236818,150.0,0.34690101757631825
2022-12-26T20:00:00.000Z,271.05,0.6594409167214073,139.98,0.3405590832785928
2022-12-26T21:00:00.000Z,240.94,0.6087417887822132,154.86,0.3912582112177868
2022-12-26T22:00:00.000Z,215.08,0.6186859970083995,132.56,0.3813140029916005
2022-12-26T23:00:00.000Z,142.74,0.6289768220675068,84.2,0.3710231779324932
2022-12-27T00:00:00.000Z,156.4,0.6321746160064673,91.0,0.3678253839935327
2022-12-27T01:00:00.000Z,146.27,0.6463829599186884,80.02,0.35361704008131156
2022-12-27T02:00:00.000Z,130.81,0.6781233799896319,62.09,0.3218766200103681
2022-12-27T03:00:00.000Z,131.52,0.6754313886606409,63.2,0.32456861133935905
2022-12-27T04:00:00.000Z,152.89,0.6426920005044348,85.0,0.3573079994955652
2022-12-27T05:00:00.000Z,164.04,0.6243196955280684,98.71,0.37568030447193146
2022-12-27T06:00:00.000Z,179.45,0.5952104547414507,122.04,0.4047895452585492
2022-12-27T07:00:00.000Z,237.12,0.6089681031383225,152.26,0.3910318968616775
2022-12-27T08:00:00.000Z,239.63,0.6052026771056952,156.32,0.3947973228943048
2022-12-27T09:00:00.000Z,251.52,0.6600362138189834,129.55,0.3399637861810166
2022-12-27T10:00:00.000Z,207.08,0.6947128287707998,91.0,0.3052871712292002
2022-12-27T11:00:00.000Z,206.85,0.6968165740272865,90.0,0.30318342597271347
2022-12-27T12:00:00.000Z,200.78,0.7050354659737342,84.0,0.29496453402626593
2022-12-27T13:00:00.000Z,144.08,0.652536231884058,76.72,0.347463768115942
2022-12-27T14:00:00.000Z,159.48,0.6392496392496393,90.0,0.36075036075036077
2022-12-27T15:00:00.000Z,179.25,0.6289253008666362,105.76,0.3710746991333638
2022-12-27T16:00:00.000Z,241.94,0.6038988592966078,158.69,0.39610114070339214
2022-12-27T17:00:00.000Z,298.13,0.6441597165204616,164.69,0.3558402834795385
2022-12-27T18:00:00.000Z,290.87,0.6456173839699909,159.66,0.3543826160300091
2022-12-27T19:00:00.000Z,276.62,0.6521288132396624,147.56,0.34787118676033757
2022-12-27T20:00:00.000Z,254.1,0.663619744058501,128.8,0.3363802559414991
2022-12-27T21:00:00.000Z,183.22,0.6294922009207723,107.84,0.37050779907922765
2022-12-27T22:00:00.000Z,176.59,0.6414456956047948,98.71,0.3585543043952052
2022-12-27T23:00:00.000Z,87.4,0.6845238095238095,40.28,0.31547619047619047
2022-12-28T00:00:00.000Z,82.09,0.7124631140427009,33.13,0.2875368859572991
2022-12-28T01:00:00.000Z,78.11,0.7732897732897733,22.9,0.22671022671022673
2022-12-28T02:00:00.000Z,76.32,0.792358803986711,20.0,0.20764119601328906
2022-12-28T03:00:00.000Z,69.44,0.8307213781552817,14.15,0.16927862184471826
2022-12-28T04:00:00.000Z,68.19,0.8281515666747631,14.15,0.17184843332523683
2022-12-28T05:00:00.000Z,72.47,0.7689124668435013,21.78,0.2310875331564987
2022-12-28T06:00:00.000Z,89.39,0.6612175456764554,45.8,0.33878245432354465
2022-12-28T07:00:00.000Z,128.37,0.6619740099009901,65.55,0.33802599009900985
2022-12-28T08:00:00.000Z,121.03,0.6599956374740975,62.35,0.3400043625259025
2022-12-28T09:00:00.000Z,153.6,0.7547911547911548,49.9,0.2452088452088452
2022-12-28T10:00:00.000Z,142.5,0.7799244704723332,40.21,0.2200755295276668
2022-12-28T11:00:00.000Z,136.03,0.8076352193789704,32.4,0.1923647806210295
2022-12-28T12:00:00.000Z,133.02,0.8149736551893151,30.2,0.18502634481068497
2022-12-28T13:00:00.000Z,79.08,0.75256947087933,26.0,0.24743052912066996
2022-12-28T14:00:00.000Z,84.9,0.7389033942558747,30.0,0.2610966057441253
2022-12-28T15:00:00.000Z,101.81,0.6934813704788502,45.0,0.3065186295211498
2022-12-28T16:00:00.000Z,120.14,0.6605817342057514,61.73,0.3394182657942486
2022-12-28T17:00:00.000Z,185.69,0.7065560671207336,77.12,0.2934439328792664
2022-12-28T18:00:00.000Z,188.63,0.7028728993553676,79.74,0.2971271006446324
2022-12-28T19:00:00.000Z,172.56,0.7226433267724779,66.23,0.2773566732275221
2022-12-28T20:00:00.000Z,157.63,0.7489072595971114,52.85,0.25109274040288865
2022-12-28T21:00:00.000Z,96.8,0.7072404471396215,40.07,0.29275955286037847
2022-12-28T22:00:00.000Z,78.27,0.7781091559797196,22.32,0.22189084402028034
2022-12-28T23:00:00.000Z,46.13,0.9395112016293279,2.97,0.0604887983706721
2022-12-29T00:00:00.000Z,49.35,0.971647962197283,1.44,0.02835203780271707
2022-12-29T01:00:00.000Z,49.75,0.9979939819458374,0.1,0.0020060180541624875
2022-12-29T02:00:00.000Z,52.54,0.9981003039513677,0.1,0.001899696048632219
2022-12-29T03:00:00.000Z,52.0,0.9994234095714011,0.03,5.765904285988852E-4
2022-12-29T04:00:00.000Z,50.65,0.9980295566502463,0.1,0.001970443349753695
2022-12-29T05:00:00.000Z,48.78,0.9711327891698188,1.45,0.028867210830181164
2022-12-29T06:00:00.000Z,46.48,0.9049844236760124,4.88,0.09501557632398754
2022-12-29T07:00:00.000Z,82.4,0.7894988981508096,21.97,0.21050110184919035
2022-12-29T08:00:00.000Z,84.09,0.7502676659528908,27.99,0.2497323340471092
2022-12-29T09:00:00.000Z,123.67,0.848973707695476,22.0,0.1510262923045239
2022-12-29T10:00:00.000Z,123.66,0.8495465787304204,21.9,0.15045342126957953
2022-12-29T11:00:00.000Z,124.5,0.8510492856654591,21.79,0.148950714334541
2022-12-29T12:00:00.000Z,123.82,0.8589663544918489,20.33,0.14103364550815123
2022-12-29T13:00:00.000Z,74.67,0.7962252079334613,19.11,0.2037747920665387
2022-12-29T14:00:00.000Z,76.69,0.793071354705274,20.01,0.20692864529472596
2022-12-29T15:00:00.000Z,78.6,0.7825567502986858,21.84,0.21744324970131423
2022-12-29T16:00:00.000Z,78.98,0.7603003465537159,24.9,0.23969965344628416
2022-12-29T17:00:00.000Z,134.94,0.8104017776710107,31.57,0.18959822232898926
2022-12-29T18:00:00.000Z,133.08,0.8037202560695736,32.5,0.19627974393042635
2022-12-29T19:00:00.000Z,132.32,0.8073707974861187,31.57,0.19262920251388127
2022-12-29T20:00:00.000Z,128.53,0.8211730130334781,27.99,0.17882698696652183
2022-12-29T21:00:00.000Z,78.55,0.7815142771863497,21.96,0.21848572281365042
2022-12-29T22:00:00.000Z,67.99,0.8717784331324528,10.0,0.12822156686754713
2022-12-29T23:00:00.000Z,37.31,0.9007725736359247,4.11,0.09922742636407533
2022-12-30T00:00:00.000Z,41.78,0.9104380039224232,4.11,0.08956199607757682
2022-12-30T01:00:00.000Z,41.39,0.9663787065141257,1.44,0.033621293485874386
2022-12-30T02:00:00.000Z,43.36,0.9852306294024086,0.65,0.014769370597591458
2022-12-30T03:00:00.000Z,42.64,0.9868086091182596,0.57,0.013191390881740336
2022-12-30T04:00:00.000Z,42.91,0.9772261443862446,1.0,0.02277385561375541
2022-12-30T05:00:00.000Z,44.39,0.9152577319587629,4.11,0.08474226804123712
2022-12-30T06:00:00.000Z,40.52,0.9072995969547694,4.14,0.09270040304523061
2022-12-30T07:00:00.000Z,58.79,0.9068332562085455,6.04,0.09316674379145458
2022-12-30T08:00:00.000Z,59.63,0.88170930060624,8.0,0.11829069939376018
2022-12-30T09:00:00.000Z,102.49,0.9606336113975068,4.2,0.03936638860249321
2022-12-30T10:00:00.000Z,102.98,0.9615312791783379,4.12,0.03846872082166199
2022-12-30T11:00:00.000Z,103.55,0.9618242615641835,4.11,0.03817573843581646
2022-12-30T12:00:00.000Z,103.19,0.9616961789375582,4.11,0.038303821062441755
2022-12-30T13:00:00.000Z,56.31,0.9319761668321748,4.11,0.06802383316782523
2022-12-30T14:00:00.000Z,55.96,0.9315798235392043,4.11,0.06842017646079575
2022-12-30T15:00:00.000Z,59.41,0.934560327198364,4.16,0.065439672801636
2022-12-30T16:00:00.000Z,62.13,0.8531996704202142,10.69,0.14680032957978575
2022-12-30T17:00:00.000Z,121.75,0.8490829207057675,21.64,0.15091707929423254
2022-12-30T18:00:00.000Z,121.56,0.8480535789033068,21.78,0.15194642109669318
2022-12-30T19:00:00.000Z,113.69,0.8834408267930686,15.0,0.11655917320693139
2022-12-30T20:00:00.000Z,102.12,0.9612198795180722,4.12,0.03878012048192771
2022-12-30T21:00:00.000Z,59.05,0.9349271690943636,4.11,0.06507283090563648
2022-12-30T22:00:00.000Z,61.15,0.9370211461844927,4.11,0.0629788538155072
2022-12-30T23:00:00.000Z,43.44,0.9761797752808988,1.06,0.023820224719101123
2022-12-31T00:00:00.000Z,45.97,0.9971800433839478,0.13,0.0028199566160520607
2022-12-31T01:00:00.000Z,49.46,0.9987883683360258,0.06,0.0012116316639741518
2022-12-31T02:00:00.000Z,47.57,1.0,0.0,0.0
2022-12-31T03:00:00.000Z,45.72,1.0,0.0,0.0
2022-12-31T04:00:00.000Z,45.43,1.0,0.0,0.0
2022-12-31T05:00:00.000Z,49.14,0.999796541200407,0.01,2.0345879959308242E-4
2022-12-31T06:00:00.000Z,50.06,0.9978074546541759,0.11,0.0021925453458241976
2022-12-31T07:00:00.000Z,49.92,0.9803613511390417,1.0,0.019638648860958365
2022-12-31T08:00:00.000Z,38.87,0.9749184850764986,1.0,0.025081514923501382
2022-12-31T09:00:00.000Z,27.61,0.9857193859335952,0.4,0.014280614066404858
2022-12-31T10:00:00.000Z,25.87,0.9784417549167927,0.57,0.021558245083207257
2022-12-31T11:00:00.000Z,25.8,0.9923076923076923,0.2,0.007692307692307693
2022-12-31T12:00:00.000Z,27.31,0.9941754641427011,0.16,0.005824535857298872
2022-12-31T13:00:00.000Z,27.98,0.9654934437543133,1.0,0.03450655624568668
2022-12-31T14:00:00.000Z,28.01,0.9655291278869356,1.0,0.03447087211306446
2022-12-31T15:00:00.000Z,32.99,0.9565091330820528,1.5,0.04349086691794723
2022-12-31T16:00:00.000Z,29.93,0.8792596944770857,4.11,0.12074030552291423
2022-12-31T17:00:00.000Z,47.37,0.7031319578447379,20.0,0.29686804215526197
2022-12-31T18:00:00.000Z,44.38,0.710193630980957,18.11,0.28980636901904305
2022-12-31T19:00:00.000Z,34.02,0.8173954829408938,7.6,0.18260451705910616
2022-12-31T20:00:00.000Z,30.89,0.8932909196067091,3.69,0.10670908039329093
2022-12-31T21:00:00.000Z,32.12,0.9447058823529411,1.88,0.05529411764705882
2022-12-31T22:00:00.000Z,32.68,0.9969493593654667,0.1,0.003050640634533252
2022-12-31T23:00:00.000Z,41.45,1.0,0.0,0.0
2023-01-01T00:00:00.000Z,43.01,1.0,0.0,0.0
2023-01-01T01:00:00.000Z,58.07,1.0,0.0,0.0
2023-01-01T02:00:00.000Z,60.69,1.0,0.0,0.0
2023-01-01T03:00:00.000Z,62.91,1.0,0.0,0.0
2023-01-01T04:00:00.000Z,61.48,1.0,0.0,0.0
2023-01-01T05:00:00.000Z,63.01,1.0,0.0,0.0
2023-01-01T06:00:00.000Z,60.32,1.0,0.0,0.0
2023-01-01T07:00:00.000Z,67.93,1.0,0.0,0.0
2023-01-01T08:00:00.000Z,64.65,1.0,0.0,0.0
2023-01-01T09:00:00.000Z,59.84,1.0,0.0,0.0
2023-01-01T10:00:00.000Z,56.38,1.0,0.0,0.0
2023-01-01T11:00:00.000Z,54.25,1.0,0.0,0.0
2023-01-01T12:00:00.000Z,55.41,0.9981985227886867,0.1,0.001801477211313277
2023-01-01T13:00:00.000Z,55.67,0.9982069212838444,0.1,0.0017930787161556392
2023-01-01T14:00:00.000Z,56.45,0.999822883457315,0.01,1.7711654268508679E-4
2023-01-01T15:00:00.000Z,60.46,0.9837292547998698,1.0,0.016270745200130166
2023-01-01T16:00:00.000Z,61.32,0.9364691508857665,4.16,0.06353084911423335
2023-01-01T17:00:00.000Z,61.48,0.8028205797858449,15.1,0.19717942021415513
2023-01-01T18:00:00.000Z,63.15,0.7639729010404065,19.51,0.23602709895959353
2023-01-01T19:00:00.000Z,68.4,0.7354047951833137,24.61,0.26459520481668636
2023-01-01T20:00:00.000Z,85.45,0.680768005098789,40.07,0.31923199490121096
2023-01-01T21:00:00.000Z,86.19,0.682638998891177,40.07,0.3173610011088231
2023-01-01T22:00:00.000Z,63.54,0.798843349258235,16.0,0.20115665074176517
2023-01-01T23:00:00.000Z,123.5,0.6680008654262224,61.38,0.3319991345737776
2023-01-02T00:00:00.000Z,104.45,0.7123857591051698,42.17,0.2876142408948302
2023-01-02T01:00:00.000Z,107.63,0.7193076254761746,42.0,0.28069237452382545
2023-01-02T02:00:00.000Z,112.15,0.7272078848398392,42.07,0.27279211516016083
2023-01-02T03:00:00.000Z,112.29,0.7269843325132721,42.17,0.27301566748672795
2023-01-02T04:00:00.000Z,135.0,0.6810614468772072,63.22,0.31893855312279284
2023-01-02T05:00:00.000Z,157.13,0.6489489117416264,85.0,0.3510510882583736
2023-01-02T06:00:00.000Z,161.61,0.6053489156084954,105.36,0.39465108439150465
2023-01-02T07:00:00.000Z,205.91,0.6111721231189339,131.0,0.3888278768810662
2023-01-02T08:00:00.000Z,205.16,0.6092534299459523,131.58,0.39074657005404767
2023-01-02T09:00:00.000Z,244.11,0.6577834065371453,127.0,0.34221659346285466
2023-01-02T10:00:00.000Z,242.74,0.6581708738917058,126.07,0.34182912610829425
2023-01-02T11:00:00.000Z,244.22,0.6578848122407197,127.0,0.3421151877592802
2023-01-02T12:00:00.000Z,246.38,0.6546043891811467,130.0,0.3453956108188533
2023-01-02T13:00:00.000Z,201.9,0.6064884349654551,131.0,0.39351156503454493
2023-01-02T14:00:00.000Z,198.37,0.607807090112449,128.0,0.39219290988755096
2023-01-02T15:00:00.000Z,207.34,0.6112257531985142,131.88,0.3887742468014857
2023-01-02T16:00:00.000Z,238.03,0.5980202497299199,160.0,0.40197975027008015
2023-01-02T17:00:00.000Z,302.19,0.6336149959113496,174.74,0.3663850040886503
2023-01-02T18:00:00.000Z,289.55,0.6359403483341021,165.76,0.36405965166589793
2023-01-02T19:00:00.000Z,274.1,0.6417700772652775,153.0,0.35822992273472254
2023-01-02T20:00:00.000Z,261.42,0.6485400282815252,141.67,0.3514599717184747
2023-01-02T21:00:00.000Z,208.24,0.6068483170625092,134.91,0.3931516829374909
2023-01-02T22:00:00.000Z,196.32,0.6124664628439509,124.22,0.3875335371560492
2023-01-02T23:00:00.000Z,187.3,0.5902744949733699,130.01,0.4097255050266301
2023-01-03T00:00:00.000Z,178.79,0.5983801332039226,120.0,0.4016198667960776
2023-01-03T01:00:00.000Z,179.6,0.6019573669392679,118.76,0.398042633060732
2023-01-03T02:00:00.000Z,177.63,0.6070122680518061,115.0,0.392987731948194
2023-01-03T03:00:00.000Z,175.74,0.6073193489304352,113.63,0.3926806510695649
2023-01-03T04:00:00.000Z,177.2,0.603809588714349,116.27,0.396190411285651
2023-01-03T05:00:00.000Z,198.9,0.5887750873246108,138.92,0.41122491267538924
2023-01-03T06:00:00.000Z,213.77,0.5787578514186701,155.59,0.42124214858132986
2023-01-03T07:00:00.000Z,252.17,0.5984952769734656,169.17,0.4015047230265344
2023-01-03T08:00:00.000Z,253.32,0.5967491166077739,171.18,0.40325088339222614
2023-01-03T09:00:00.000Z,278.03,0.6422054373686278,154.9,0.3577945626313723
2023-01-03T10:00:00.000Z,266.95,0.6453367499879128,146.71,0.35466325001208726
2023-01-03T11:00:00.000Z,251.14,0.6532109137253881,133.33,0.3467890862746118
2023-01-03T12:00:00.000Z,246.7,0.6548977966551632,130.0,0.34510220334483677
2023-01-03T13:00:00.000Z,196.27,0.6090234896205046,126.0,0.3909765103794955
2023-01-03T14:00:00.000Z,190.7,0.6137753459929192,120.0,0.3862246540070808
2023-01-03T15:00:00.000Z,210.11,0.6078340613880291,135.56,0.39216593861197097
2023-01-03T16:00:00.000Z,237.68,0.6032793542819432,156.3,0.39672064571805676
2023-01-03T17:00:00.000Z,298.14,0.6382104249170502,169.01,0.3617895750829498
2023-01-03T18:00:00.000Z,287.77,0.6412559051608877,160.99,0.35874409483911224
2023-01-03T19:00:00.000Z,276.71,0.6452974510855624,152.1,0.35470254891443764
2023-01-03T20:00:00.000Z,274.49,0.6467566739709244,149.92,0.35324332602907565
2023-01-03T21:00:00.000Z,209.0,0.6119520979123357,132.53,0.3880479020876644
2023-01-03T22:00:00.000Z,191.7,0.6250407564395174,115.0,0.37495924356048255
2023-01-03T23:00:00.000Z,182.6,0.6034568227634753,119.99,0.3965431772365247
2023-01-04T00:00:00.000Z,161.81,0.6180436194186624,100.0,0.38195638058133763
2023-01-04T01:00:00.000Z,154.17,0.630810147299509,90.23,0.36918985270049104
2023-01-04T02:00:00.000Z,147.81,0.6370846084220508,84.2,0.3629153915779493
2023-01-04T03:00:00.000Z,142.74,0.6401758084047181,80.23,0.35982419159528184
2023-01-04T04:00:00.000Z,149.93,0.6319760580003372,87.31,0.36802394199966276
2023-01-04T05:00:00.000Z,168.09,0.6066260059908333,109.0,0.39337399400916667
2023-01-04T06:00:00.000Z,157.93,0.600425806942174,105.1,0.3995741930578261
2023-01-04T07:00:00.000Z,213.25,0.6138280417949973,134.16,0.3861719582050028
2023-01-04T08:00:00.000Z,205.25,0.6135106859961141,129.3,0.38648931400388586
2023-01-04T09:00:00.000Z,239.74,0.665131505937188,120.7,0.3348684940628121
2023-01-04T10:00:00.000Z,211.22,0.6858014870612682,96.77,0.31419851293873174
2023-01-04T11:00:00.000Z,221.63,0.678473030061838,105.03,0.32152696993816204
2023-01-04T12:00:00.000Z,222.67,0.677488057930447,106.0,0.3225119420695531
2023-01-04T13:00:00.000Z,176.59,0.6269615848895833,105.07,0.37303841511041685
2023-01-04T14:00:00.000Z,175.72,0.6284242901080037,103.9,0.3715757098919963
2023-01-04T15:00:00.000Z,182.43,0.6281808477669502,107.98,0.3718191522330498
2023-01-04T16:00:00.000Z,207.48,0.615120071153276,129.82,0.384879928846724
2023-01-04T17:00:00.000Z,300.19,0.6421451185077436,167.29,0.3578548814922563
2023-01-04T18:00:00.000Z,290.87,0.6442731521474295,160.6,0.35572684785257047
2023-01-04T19:00:00.000Z,278.02,0.6472053448797634,151.55,0.35279465512023656
2023-01-04T20:00:00.000Z,264.62,0.6530118698023345,140.61,0.34698813019766556
2023-01-04T21:00:00.000Z,203.72,0.6167726309415682,126.58,0.3832273690584317
2023-01-04T22:00:00.000Z,181.23,0.6337156444506609,104.75,0.3662843555493391
2023-01-04T23:00:00.000Z,147.83,0.6086544795783927,95.05,0.39134552042160736
2023-01-05T00:00:00.000Z,134.53,0.6294095630204921,79.21,0.3705904369795078
2023-01-05T01:00:00.000Z,125.31,0.6479987589202607,68.07,0.35200124107973935
2023-01-05T02:00:00.000Z,120.36,0.6518983913773493,64.27,0.3481016086226507
2023-01-05T03:00:00.000Z,118.39,0.6564094034153914,61.97,0.34359059658460855
2023-01-05T04:00:00.000Z,123.99,0.6557194986514359,65.1,0.3442805013485642
2023-01-05T05:00:00.000Z,151.45,0.6144016227180527,95.05,0.38559837728194724
2023-01-05T06:00:00.000Z,159.47,0.5957041464325737,108.23,0.40429585356742626
2023-01-05T07:00:00.000Z,214.61,0.6138554389176512,135.0,0.3861445610823489
2023-01-05T08:00:00.000Z,199.08,0.6175895765472312,123.27,0.3824104234527687
2023-01-05T09:00:00.000Z,221.46,0.6784302913335172,104.97,0.3215697086664828
2023-01-05T10:00:00.000Z,231.71,0.6711562970687058,113.53,0.32884370293129417
2023-01-05T11:00:00.000Z,216.3,0.6820761856710393,100.82,0.3179238143289606
2023-01-05T12:00:00.000Z,210.55,0.6858529593797844,96.44,0.31414704062021565
2023-01-05T13:00:00.000Z,161.03,0.6316635939277448,93.9,0.36833640607225515
2023-01-05T14:00:00.000Z,159.01,0.6356077867050406,91.16,0.3643922132949594
2023-01-05T15:00:00.000Z,164.28,0.634996714467937,94.43,0.3650032855320629
2023-01-05T16:00:00.000Z,195.82,0.6222038637519064,118.9,0.37779613624809355
2023-01-05T17:00:00.000Z,296.42,0.6449240677081067,163.2,0.35507593229189327
2023-01-05T18:00:00.000Z,314.57,0.6386559740127906,177.98,0.36134402598720944
2023-01-05T19:00:00.000Z,298.02,0.645050972922664,163.99,0.354949027077336
2023-01-05T20:00:00.000Z,284.26,0.6515839178471554,152.0,0.34841608215284464
2023-01-05T21:00:00.000Z,217.77,0.6173143974827792,135.0,0.3826856025172209
2023-01-05T22:00:00.000Z,199.3,0.6263356379635449,118.9,0.37366436203645503
2023-01-05T23:00:00.000Z,159.69,0.5983139752716373,107.21,0.4016860247283627
2023-01-06T00:00:00.000Z,155.71,0.6063237412873331,101.1,0.3936762587126669
2023-01-06T01:00:00.000Z,154.41,0.6148363462610497,96.73,0.3851636537389504
2023-01-06T02:00:00.000Z,139.37,0.6313762797861737,81.37,0.3686237202138262
2023-01-06T03:00:00.000Z,134.02,0.6388902130905277,75.75,0.36110978690947226
2023-01-06T04:00:00.000Z,140.02,0.6335173287485295,81.0,0.36648267125147044
2023-01-06T05:00:00.000Z,154.05,0.6125248508946323,97.45,0.3874751491053678
2023-01-06T06:00:00.000Z,163.15,0.602096173008082,107.82,0.39790382699191784
2023-01-06T07:00:00.000Z,180.5,0.5951203428948236,122.8,0.40487965710517637
2023-01-06T08:00:00.000Z,174.9,0.583194398132711,125.0,0.41680560186728915
2023-01-06T09:00:00.000Z,166.47,0.5796914719504126,120.7,0.42030852804958735
2023-01-06T10:00:00.000Z,152.3,0.5805222031637126,110.05,0.41947779683628733
2023-01-06T11:00:00.000Z,144.54,0.5830576845502219,103.36,0.41694231544977817
2023-01-06T12:00:00.000Z,132.08,0.5941253204984032,90.23,0.4058746795015969
2023-01-06T13:00:00.000Z,119.6,0.5985087324225592,80.23,0.40149126757744086
2023-01-06T14:00:00.000Z,108.74,0.6083696990041401,70.0,0.3916303009958599
2023-01-06T15:00:00.000Z,123.79,0.6061600235040642,80.43,0.3938399764959357
2023-01-06T16:00:00.000Z,166.41,0.5785960154375717,121.2,0.4214039845624283
2023-01-06T17:00:00.000Z,173.49,0.5745462975228507,128.47,0.42545370247714925
2023-01-06T18:00:00.000Z,186.17,0.5747761654831738,137.73,0.42522383451682616
2023-01-06T19:00:00.000Z,186.11,0.5746973814229249,137.73,0.425302618577075
2023-01-06T20:00:00.000Z,178.45,0.5748107585762603,132.0,0.42518924142373976
2023-01-06T21:00:00.000Z,139.37,0.582480043465541,99.9,0.417519956534459
2023-01-06T22:00:00.000Z,129.35,0.5867543660694035,91.1,0.4132456339305965
2023-01-06T23:00:00.000Z,98.99,0.6494980644314677,53.42,0.35050193556853226
2023-01-07T00:00:00.000Z,86.97,0.6833503575076609,40.3,0.3166496424923391
2023-01-07T01:00:00.000Z,74.28,0.7444377630787733,25.5,0.2555622369212267
2023-01-07T02:00:00.000Z,77.66,0.7579543236384931,24.8,0.24204567636150695
2023-01-07T03:00:00.000Z,73.14,0.7852694867940735,20.0,0.21473051320592657
2023-01-07T04:00:00.000Z,67.68,0.8200654307524538,14.85,0.17993456924754633
2023-01-07T05:00:00.000Z,65.21,0.8145141144141894,14.85,0.18548588558581067
2023-01-07T06:00:00.000Z,61.98,0.8157409844695973,14.0,0.18425901553040278
2023-01-07T07:00:00.000Z,64.98,0.7804467931779966,18.28,0.21955320682200336
2023-01-07T08:00:00.000Z,62.02,0.7543176842617368,20.2,0.24568231573826319
2023-01-07T09:00:00.000Z,50.66,0.7348418914998549,18.28,0.2651581085001451
2023-01-07T10:00:00.000Z,43.25,0.7554585152838428,14.0,0.2445414847161572
2023-01-07T11:00:00.000Z,38.76,0.7892486255345144,10.35,0.21075137446548564
2023-01-07T12:00:00.000Z,35.87,0.8176430362434466,8.0,0.18235696375655347
2023-01-07T13:00:00.000Z,32.89,0.8576271186440678,5.46,0.1423728813559322
2023-01-07T14:00:00.000Z,32.63,0.8869257950530035,4.16,0.11307420494699645
2023-01-07T15:00:00.000Z,40.94,0.8365345320800981,8.0,0.16346546791990194
2023-01-07T16:00:00.000Z,57.12,0.698886577756026,24.61,0.3011134222439741
2023-01-07T17:00:00.000Z,71.48,0.6411912450663796,40.0,0.35880875493362036
2023-01-07T18:00:00.000Z,74.07,0.6302756977535738,43.45,0.36972430224642616
2023-01-07T19:00:00.000Z,81.97,0.621126013487914,50.0,0.3788739865120861
2023-01-07T20:00:00.000Z,74.42,0.631373547128192,43.45,0.36862645287180795
2023-01-07T21:00:00.000Z,59.4,0.6644295302013422,30.0,0.3355704697986577
2023-01-07T22:00:00.000Z,53.63,0.6854550102249488,24.61,0.3145449897750511
2023-01-07T23:00:00.000Z,45.77,0.8673488724654159,7.0,0.13265112753458402
2023-01-08T00:00:00.000Z,46.04,0.9020376175548589,5.0,0.09796238244514106
2023-01-08T01:00:00.000Z,46.94,0.9178725068439577,4.2,0.08212749315604224
2023-01-08T02:00:00.000Z,47.18,0.9189715621347876,4.16,0.08102843786521231
2023-01-08T03:00:00.000Z,47.56,0.9195668986852282,4.16,0.08043310131477185
2023-01-08T04:00:00.000Z,47.77,0.9198921625264779,4.16,0.08010783747352204
2023-01-08T05:00:00.000Z,46.82,0.9183993723028638,4.16,0.08160062769713612
2023-01-08T06:00:00.000Z,45.2,0.9157212317666127,4.16,0.08427876823338737
2023-01-08T07:00:00.000Z,46.46,0.9178190438561833,4.16,0.08218095614381667
2023-01-08T08:00:00.000Z,44.02,0.898000815993472,5.0,0.10199918400652794
2023-01-08T09:00:00.000Z,39.31,0.8851609997748254,5.1,0.11483900022517449
2023-01-08T10:00:00.000Z,37.89,0.8823940381928272,5.05,0.1176059618071728
2023-01-08T11:00:00.000Z,34.61,0.8759807643634523,4.9,0.12401923563654772
2023-01-08T12:00:00.000Z,34.08,0.872057318321392,5.0,0.12794268167860798
2023-01-08T13:00:00.000Z,33.32,0.8786919831223629,4.6,0.12130801687763712
2023-01-08T14:00:00.000Z,33.28,0.887940234791889,4.2,0.11205976520811098
2023-01-08T15:00:00.000Z,35.35,0.8848560700876095,4.6,0.11514392991239047
2023-01-08T16:00:00.000Z,36.17,0.8359140281950543,7.1,0.16408597180494566
2023-01-08T17:00:00.000Z,44.67,0.7150632303505683,17.8,0.28493676964943176
2023-01-08T18:00:00.000Z,49.31,0.6670725108225108,24.61,0.33292748917748916
2023-01-08T19:00:00.000Z,67.5,0.627906976744186,40.0,0.37209302325581395
2023-01-08T20:00:00.000Z,67.66,0.628459966561397,40.0,0.37154003343860303
2023-01-08T21:00:00.000Z,46.42,0.679052077238151,21.94,0.3209479227618491
2023-01-08T22:00:00.000Z,40.95,0.7228596646072374,15.7,0.27714033539276256
2023-01-08T23:00:00.000Z,41.07,0.889538661468486,5.1,0.11046133853151396
2023-01-09T00:00:00.000Z,43.12,0.9112426035502958,4.2,0.08875739644970415
2023-01-09T01:00:00.000Z,44.46,0.9136868064118372,4.2,0.08631319358816276
2023-01-09T02:00:00.000Z,47.64,0.9189814814814814,4.2,0.08101851851851852
2023-01-09T03:00:00.000Z,49.81,0.9154567175151627,4.6,0.08454328248483733
2023-01-09T04:00:00.000Z,48.95,0.898989898989899,5.5,0.10101010101010101
2023-01-09T05:00:00.000Z,69.22,0.7377171480336779,24.61,0.26228285196632206
2023-01-09T06:00:00.000Z,121.64,0.603253322753422,80.0,0.3967466772465781
2023-01-09T07:00:00.000Z,184.62,0.6100720375388275,118.0,0.3899279624611724
2023-01-09T08:00:00.000Z,189.49,0.6099790761306938,121.16,0.3900209238693063
2023-01-09T09:00:00.000Z,233.16,0.6609967681578499,119.58,0.33900323184215003
2023-01-09T10:00:00.000Z,227.51,0.6642433797553357,115.0,0.3357566202446644
2023-01-09T11:00:00.000Z,216.58,0.6713993427986855,106.0,0.3286006572013144
2023-01-09T12:00:00.000Z,198.73,0.6839315827511443,91.84,0.3160684172488557
2023-01-09T13:00:00.000Z,140.33,0.6332295474030956,81.28,0.36677045259690444
2023-01-09T14:00:00.000Z,129.4,0.6414832441007338,72.32,0.3585167558992663
2023-01-09T15:00:00.000Z,162.01,0.6204664700700854,99.1,0.37953352992991457
2023-01-09T16:00:00.000Z,197.51,0.6025871800347805,130.26,0.3974128199652195
2023-01-09T17:00:00.000Z,282.04,0.6358840239888173,161.5,0.36411597601118273
2023-01-09T18:00:00.000Z,294.12,0.6315111435564907,171.62,0.36848885644350926
2023-01-09T19:00:00.000Z,282.12,0.6363656869600522,161.21,0.36363431303994764
2023-01-09T20:00:00.000Z,255.4,0.6473033252230332,139.16,0.35269667477696676
2023-01-09T21:00:00.000Z,202.31,0.6051568903113876,132.0,0.39484310968861236
2023-01-09T22:00:00.000Z,175.99,0.6233485637374703,106.34,0.3766514362625296
2023-01-09T23:00:00.000Z,156.84,0.5967582375770489,105.98,0.4032417624229511
2023-01-10T00:00:00.000Z,148.28,0.6050516179050883,96.79,0.3949483820949117
2023-01-10T01:00:00.000Z,147.51,0.6074870274277242,95.31,0.3925129725722758
2023-01-10T02:00:00.000Z,142.32,0.6121027052599888,90.19,0.38789729474001117
2023-01-10T03:00:00.000Z,145.95,0.6107972379158819,93.0,0.389202762084118
2023-01-10T04:00:00.000Z,150.54,0.6056972720688822,98.0,0.39430272793111776
2023-01-10T05:00:00.000Z,167.88,0.5879180528804062,117.67,0.4120819471195938
2023-01-10T06:00:00.000Z,179.58,0.5751160928742994,132.67,0.4248839071257005
2023-01-10T07:00:00.000Z,215.27,0.6028114586541962,141.84,0.39718854134580384
2023-01-10T08:00:00.000Z,214.6,0.6027412650264016,141.44,0.3972587349735985
2023-01-10T09:00:00.000Z,240.25,0.6572288332649432,125.3,0.34277116673505675
2023-01-10T10:00:00.000Z,213.74,0.6791002096968927,101.0,0.32089979030310734
2023-01-10T11:00:00.000Z,210.18,0.6828903762427709,97.6,0.3171096237572292
2023-01-10T12:00:00.000Z,206.86,0.6841513427702077,95.5,0.3158486572297923
2023-01-10T13:00:00.000Z,157.66,0.6299848157915767,92.6,0.3700151842084232
2023-01-10T14:00:00.000Z,157.15,0.6307445314067831,92.0,0.36925546859321695
2023-01-10T15:00:00.000Z,165.68,0.6283373786407767,98.0,0.3716626213592233
2023-01-10T16:00:00.000Z,205.41,0.6064838052496383,133.28,0.3935161947503617
2023-01-10T17:00:00.000Z,266.46,0.6480058365758754,144.74,0.35199416342412454
2023-01-10T18:00:00.000Z,260.76,0.6489311400343429,141.07,0.3510688599656571
2023-01-10T19:00:00.000Z,240.79,0.6585619341957717,124.84,0.3414380658042283
2023-01-10T20:00:00.000Z,222.57,0.6699476250677261,109.65,0.3300523749322738
2023-01-10T21:00:00.000Z,160.46,0.6335781410408277,92.8,0.3664218589591724
2023-01-10T22:00:00.000Z,128.58,0.6666321028618831,64.3,0.33336789713811693
2023-01-10T23:00:00.000Z,73.95,0.6787517209729234,35.0,0.32124827902707664
2023-01-11T00:00:00.000Z,42.75,0.8423645320197044,8.0,0.15763546798029557
